,ORF1ab,S,ORF3a,E,M,ORF6,ORF7a,ORF7b,ORF8,N,ORF10,Total
CpY11+LYRa11,0.0,0.0,0.0,60.0,123.0,1000.0,1000.0,200.0,863.0,0.0,0.0,3246.0
RpS11+n44,0.0,0.0,900.0,100.0,0.0,1000.0,0.0,800.0,15.0,0.0,0.0,2815.0
HeB2013+Jiyuan_84,1000.0,1000.0,0.0,0.0,0.0,0.0,151.0,0.0,46.0,500.0,65.0,2762.0
Rp3+RpS11,0.0,0.0,1000.0,0.0,1000.0,20.0,0.0,0.0,481.0,0.0,0.0,2501.0
YNLF_31C+n40,0.0,900.0,900.0,0.0,672.0,0.0,0.0,0.0,0.0,0.0,0.0,2472.0
16BO133+n43,0.0,0.0,1000.0,0.0,1000.0,0.0,0.0,0.0,0.0,0.0,0.0,2000.0
Rs7327+n14,0.0,0.0,0.0,0.0,600.0,767.0,0.0,0.0,0.0,600.0,0.0,1967.0
n49+n50,0.0,1000.0,0.0,0.0,0.0,0.0,0.0,0.0,0.0,900.0,0.0,1900.0
GX2013+HKU3_7,0.0,0.0,900.0,0.0,0.0,0.0,1000.0,0.0,0.0,0.0,0.0,1900.0
As6526+Rs4255,0.0,0.0,0.0,0.0,0.0,200.0,0.0,0.0,856.0,822.0,0.0,1878.0
GX2013+n44,0.0,1000.0,100.0,0.0,0.0,0.0,0.0,440.0,0.0,0.0,0.0,1540.0
Rs7327+Rs9401,240.0,777.0,388.0,100.0,0.0,0.0,0.0,0.0,0.0,0.0,0.0,1505.0
n2+n46,0.0,28.0,100.0,400.0,200.0,0.0,300.0,400.0,0.0,0.0,0.0,1428.0
Rs4231+Rs4247_147,417.0,0.0,0.0,0.0,992.0,0.0,0.0,0.0,0.0,0.0,0.0,1409.0
Rs4231+n21,1000.0,0.0,0.0,0.0,0.0,0.0,0.0,0.0,100.0,276.0,0.0,1376.0
HuB2013+Rm1,1000.0,0.0,0.0,0.0,0.0,20.0,100.0,0.0,51.0,132.0,44.0,1347.0
YN2018A+n26,300.0,0.0,0.0,0.0,87.0,200.0,0.0,0.0,15.0,700.0,0.0,1302.0
Rp3+n36,0.0,0.0,1000.0,0.0,0.0,0.0,0.0,0.0,300.0,0.0,0.0,1300.0
SC2018+n6,900.0,0.0,0.0,0.0,0.0,300.0,0.0,0.0,0.0,0.0,0.0,1200.0
Rs672+YN2018A,0.0,0.0,0.0,0.0,0.0,187.0,0.0,100.0,882.0,0.0,0.0,1169.0
n2+n35,1000.0,0.0,0.0,64.0,85.0,0.0,0.0,18.0,0.0,0.0,0.0,1167.0
As6526+Rs4081,0.0,0.0,0.0,0.0,0.0,39.0,951.0,0.0,165.0,0.0,0.0,1155.0
CpY11+n34,900.0,0.0,0.0,147.0,0.0,0.0,0.0,0.0,0.0,0.0,104.0,1151.0
GX2013+n35,0.0,0.0,0.0,154.0,939.0,0.0,0.0,36.0,21.0,0.0,0.0,1150.0
Rs4081+Rs4255,0.0,89.0,0.0,0.0,0.0,100.0,823.0,0.0,135.0,0.0,0.0,1147.0
Anlong-103+YN2013,0.0,1000.0,0.0,0.0,0.0,0.0,0.0,0.0,145.0,0.0,0.0,1145.0
F46+Rf4092,0.0,1000.0,0.0,0.0,100.0,0.0,0.0,0.0,0.0,0.0,0.0,1100.0
Rs4084+n19,0.0,0.0,659.0,400.0,0.0,0.0,0.0,0.0,0.0,0.0,0.0,1059.0
YN2018A+n15,0.0,1000.0,0.0,0.0,0.0,0.0,0.0,0.0,29.0,0.0,0.0,1029.0
Rm1+Rp3,0.0,1000.0,0.0,0.0,0.0,0.0,0.0,0.0,11.0,0.0,0.0,1011.0
Rs7327+YN2018C,0.0,0.0,0.0,0.0,0.0,0.0,0.0,0.0,903.0,107.0,0.0,1010.0
As6526+YN2013,0.0,0.0,0.0,0.0,1000.0,0.0,0.0,0.0,0.0,0.0,0.0,1000.0
Rs4081+YN2018D,0.0,1000.0,0.0,0.0,0.0,0.0,0.0,0.0,0.0,0.0,0.0,1000.0
Rs4081+WIV16,1000.0,0.0,0.0,0.0,0.0,0.0,0.0,0.0,0.0,0.0,0.0,1000.0
YN2018B+n22,0.0,0.0,0.0,0.0,0.0,0.0,0.0,0.0,1000.0,0.0,0.0,1000.0
Rs4084+n24,0.0,571.0,0.0,0.0,0.0,0.0,0.0,0.0,0.0,399.0,0.0,970.0
F46+GX2013,0.0,0.0,0.0,928.0,0.0,0.0,0.0,0.0,0.0,0.0,0.0,928.0
SC2018+n2,0.0,0.0,0.0,0.0,800.0,0.0,0.0,100.0,0.0,0.0,0.0,900.0
Anlong-103+Rs4081,0.0,0.0,0.0,0.0,0.0,0.0,0.0,0.0,0.0,900.0,0.0,900.0
Rp3+n44,0.0,0.0,0.0,0.0,0.0,880.0,0.0,0.0,15.0,0.0,0.0,895.0
Rs4081+Rs672,0.0,511.0,0.0,0.0,0.0,383.0,0.0,0.0,0.0,0.0,0.0,894.0
As6526+Rs7327,785.0,0.0,0.0,0.0,0.0,0.0,0.0,100.0,0.0,0.0,0.0,885.0
Rs4231+WIV16,0.0,257.0,0.0,0.0,0.0,0.0,0.0,0.0,600.0,0.0,0.0,857.0
Rs672+n22,0.0,0.0,0.0,0.0,0.0,100.0,600.0,100.0,52.0,0.0,0.0,852.0
Rf4092+WIV1,0.0,0.0,0.0,0.0,0.0,0.0,0.0,0.0,0.0,849.0,0.0,849.0
n35+n5,0.0,0.0,0.0,0.0,549.0,300.0,0.0,0.0,0.0,0.0,0.0,849.0
Rs9401+n16,0.0,0.0,0.0,0.0,0.0,32.0,0.0,0.0,0.0,810.0,0.0,842.0
C020+Rp3,838.0,0.0,0.0,0.0,0.0,0.0,0.0,0.0,0.0,0.0,0.0,838.0
Rs4255+YN2018C,0.0,0.0,837.0,0.0,0.0,0.0,0.0,0.0,0.0,0.0,0.0,837.0
LYRa11+n46,0.0,0.0,0.0,70.0,470.0,0.0,72.0,100.0,118.0,0.0,0.0,830.0
C010+SARS-CoV,0.0,0.0,0.0,0.0,0.0,100.0,600.0,0.0,0.0,0.0,100.0,800.0
BM48-31+n46,0.0,0.0,0.0,0.0,0.0,0.0,0.0,0.0,0.0,0.0,800.0,800.0
Rs4231+n29,0.0,800.0,0.0,0.0,0.0,0.0,0.0,0.0,0.0,0.0,0.0,800.0
n38+n6,0.0,794.0,0.0,0.0,0.0,0.0,0.0,0.0,0.0,0.0,0.0,794.0
WIV1+YN2018B,0.0,0.0,0.0,0.0,0.0,0.0,679.0,100.0,0.0,0.0,0.0,779.0
n35+n46,0.0,0.0,0.0,236.0,116.0,100.0,0.0,41.0,217.0,0.0,68.0,778.0
n40+n47,0.0,0.0,0.0,0.0,0.0,51.0,0.0,0.0,0.0,715.0,0.0,766.0
Rs4084+Rs4231,0.0,0.0,0.0,0.0,0.0,100.0,654.0,0.0,0.0,0.0,0.0,754.0
n47+n51,700.0,0.0,0.0,0.0,0.0,0.0,0.0,0.0,54.0,0.0,0.0,754.0
n46+n5,0.0,0.0,0.0,0.0,200.0,68.0,0.0,286.0,0.0,0.0,193.0,747.0
Rs4084+Rs9401,0.0,229.0,0.0,0.0,43.0,63.0,405.0,0.0,0.0,0.0,0.0,740.0
Rs4231+YN2018C,0.0,0.0,0.0,0.0,661.0,0.0,73.0,0.0,0.0,0.0,0.0,734.0
LYRa11+n19,0.0,729.0,0.0,0.0,0.0,0.0,0.0,0.0,0.0,0.0,0.0,729.0
F46+Rs4255,0.0,0.0,23.0,0.0,700.0,0.0,0.0,0.0,0.0,0.0,0.0,723.0
n2+n50,0.0,0.0,0.0,76.0,0.0,0.0,600.0,46.0,0.0,0.0,0.0,722.0
SC2018+n10,0.0,0.0,0.0,0.0,0.0,0.0,0.0,0.0,21.0,700.0,0.0,721.0
Rs4084+YN2018C,0.0,0.0,0.0,0.0,0.0,24.0,379.0,0.0,0.0,300.0,0.0,703.0
YN2018B+YN2018D,700.0,0.0,0.0,0.0,0.0,0.0,0.0,0.0,0.0,0.0,0.0,700.0
P5E+P5L,0.0,0.0,0.0,0.0,500.0,0.0,0.0,0.0,0.0,200.0,0.0,700.0
Rf4092+n10,0.0,0.0,700.0,0.0,0.0,0.0,0.0,0.0,0.0,0.0,0.0,700.0
Rs4255+Rs672,0.0,155.0,0.0,0.0,0.0,506.0,0.0,0.0,0.0,0.0,0.0,661.0
Rf4092+Rs4084,0.0,0.0,0.0,0.0,0.0,13.0,647.0,0.0,0.0,0.0,0.0,660.0
HuB2013+n39,0.0,372.0,0.0,0.0,0.0,0.0,188.0,0.0,0.0,88.0,0.0,648.0
HuB2013+RpS11,0.0,628.0,0.0,0.0,0.0,0.0,0.0,0.0,11.0,0.0,0.0,639.0
WIV1+WIV16,0.0,0.0,341.0,246.0,41.0,0.0,0.0,0.0,0.0,0.0,0.0,628.0
SC2018+n23,0.0,0.0,0.0,0.0,0.0,0.0,625.0,0.0,0.0,0.0,0.0,625.0
Rs4247_147+n21,583.0,0.0,12.0,28.0,0.0,0.0,0.0,0.0,0.0,0.0,0.0,623.0
n4+n47,0.0,6.0,0.0,0.0,0.0,0.0,0.0,0.0,100.0,500.0,0.0,606.0
F46+n19,0.0,0.0,0.0,0.0,0.0,0.0,600.0,0.0,0.0,0.0,0.0,600.0
C010+C020,0.0,0.0,500.0,100.0,0.0,0.0,0.0,0.0,0.0,0.0,0.0,600.0
LYRa11+n28,0.0,0.0,0.0,0.0,0.0,0.0,600.0,0.0,0.0,0.0,0.0,600.0
Rs4231+n20,0.0,230.0,0.0,0.0,0.0,0.0,0.0,0.0,252.0,104.0,0.0,586.0
F46+n6,0.0,479.0,100.0,0.0,0.0,0.0,0.0,0.0,0.0,0.0,0.0,579.0
n40+n5,0.0,0.0,0.0,0.0,0.0,400.0,100.0,0.0,0.0,65.0,7.0,572.0
F46+n38,0.0,270.0,300.0,0.0,0.0,0.0,0.0,0.0,0.0,0.0,0.0,570.0
F46+n12,0.0,0.0,72.0,194.0,300.0,0.0,0.0,0.0,0.0,0.0,0.0,566.0
Rs7327+YNLF_31C,0.0,0.0,0.0,0.0,0.0,551.0,0.0,0.0,0.0,0.0,0.0,551.0
Rs4084+Rs4255,0.0,0.0,0.0,0.0,0.0,0.0,0.0,0.0,0.0,449.0,100.0,549.0
Rs9401+n18,375.0,0.0,0.0,0.0,0.0,32.0,140.0,0.0,0.0,0.0,0.0,547.0
n2+n48,537.0,0.0,0.0,0.0,0.0,0.0,0.0,0.0,0.0,0.0,0.0,537.0
n13+n26,533.0,0.0,0.0,0.0,0.0,0.0,0.0,0.0,0.0,0.0,0.0,533.0
HKU3_7+Rp3,0.0,0.0,0.0,0.0,533.0,0.0,0.0,0.0,0.0,0.0,0.0,533.0
YN2018B+n24,0.0,518.0,0.0,0.0,0.0,0.0,0.0,0.0,0.0,0.0,0.0,518.0
B039+C020,0.0,0.0,0.0,0.0,109.0,0.0,0.0,0.0,0.0,400.0,0.0,509.0
n44+n46,0.0,0.0,0.0,0.0,0.0,0.0,451.0,19.0,0.0,0.0,32.0,502.0
Rs4084+Rs4247_148,0.0,0.0,0.0,0.0,0.0,300.0,200.0,0.0,0.0,0.0,0.0,500.0
BtKY72+n41,0.0,0.0,0.0,0.0,0.0,0.0,0.0,0.0,0.0,0.0,500.0,500.0
Rs4247_148+n27,0.0,0.0,0.0,0.0,0.0,0.0,500.0,0.0,0.0,0.0,0.0,500.0
n38+n5,0.0,0.0,500.0,0.0,0.0,0.0,0.0,0.0,0.0,0.0,0.0,500.0
Rs4231+Rs9401,0.0,0.0,0.0,0.0,0.0,68.0,230.0,0.0,200.0,0.0,0.0,498.0
LYRa11+n44,0.0,0.0,0.0,0.0,0.0,0.0,494.0,0.0,0.0,0.0,0.0,494.0
Rs672+YN2018D,0.0,489.0,0.0,0.0,0.0,0.0,0.0,0.0,0.0,0.0,0.0,489.0
n40+n46,0.0,0.0,0.0,0.0,0.0,486.0,0.0,0.0,0.0,0.0,0.0,486.0
Rs9401+YN2018B,0.0,482.0,0.0,0.0,0.0,0.0,0.0,0.0,0.0,0.0,0.0,482.0
Rs4084+n13,0.0,0.0,0.0,0.0,0.0,400.0,75.0,0.0,0.0,0.0,0.0,475.0
Rs4084+Rs7327,0.0,0.0,0.0,0.0,300.0,0.0,0.0,0.0,0.0,174.0,0.0,474.0
HKU3_7+RpS11,0.0,0.0,0.0,0.0,467.0,0.0,0.0,0.0,0.0,0.0,0.0,467.0
n35+n48,463.0,0.0,0.0,0.0,0.0,0.0,0.0,0.0,0.0,0.0,0.0,463.0
F46+n13,0.0,0.0,0.0,0.0,0.0,0.0,0.0,0.0,462.0,0.0,0.0,462.0
CpY11+YNLF_31C,0.0,462.0,0.0,0.0,0.0,0.0,0.0,0.0,0.0,0.0,0.0,462.0
LYRa11+Rp3,0.0,0.0,0.0,461.0,0.0,0.0,0.0,0.0,0.0,0.0,0.0,461.0
GX2013+RpS11,0.0,0.0,0.0,0.0,0.0,0.0,0.0,460.0,0.0,0.0,0.0,460.0
As6526+YN2018A,0.0,0.0,0.0,0.0,59.0,400.0,0.0,0.0,0.0,0.0,0.0,459.0
Rf4092+Rs4231,0.0,0.0,0.0,0.0,0.0,0.0,454.0,0.0,0.0,0.0,0.0,454.0
SC2018+n19,0.0,0.0,353.0,0.0,0.0,0.0,0.0,0.0,0.0,0.0,100.0,453.0
Rs4084+WIV1,0.0,100.0,341.0,0.0,0.0,0.0,0.0,0.0,0.0,0.0,0.0,441.0
CpY11+n40,0.0,438.0,0.0,0.0,0.0,0.0,0.0,0.0,0.0,0.0,0.0,438.0
n4+n46,0.0,0.0,0.0,0.0,0.0,300.0,0.0,0.0,137.0,0.0,0.0,437.0
n14+n35,0.0,0.0,0.0,0.0,100.0,0.0,0.0,0.0,333.0,0.0,0.0,433.0
SC2018+YN2018A,0.0,0.0,0.0,0.0,0.0,0.0,0.0,0.0,431.0,0.0,0.0,431.0
Anlong-103+GX2013,0.0,0.0,0.0,0.0,0.0,0.0,0.0,0.0,421.0,0.0,0.0,421.0
YN2018A+n40,0.0,0.0,0.0,400.0,13.0,0.0,0.0,0.0,0.0,0.0,0.0,413.0
n21+n39,0.0,0.0,400.0,0.0,12.0,0.0,0.0,0.0,0.0,0.0,0.0,412.0
Anlong-103+F46,0.0,407.0,0.0,0.0,0.0,0.0,0.0,0.0,0.0,0.0,0.0,407.0
Rs4247_148+SC2018,0.0,0.0,0.0,300.0,0.0,0.0,0.0,0.0,0.0,0.0,100.0,400.0
B039+C010,0.0,0.0,300.0,0.0,0.0,0.0,0.0,0.0,0.0,100.0,0.0,400.0
n10+n13,400.0,0.0,0.0,0.0,0.0,0.0,0.0,0.0,0.0,0.0,0.0,400.0
HKU3_7+n46,0.0,0.0,0.0,0.0,0.0,0.0,400.0,0.0,0.0,0.0,0.0,400.0
HuB2013+n2,0.0,0.0,0.0,0.0,0.0,0.0,0.0,0.0,0.0,400.0,0.0,400.0
Rs4247_148+n16,0.0,0.0,0.0,0.0,0.0,0.0,400.0,0.0,0.0,0.0,0.0,400.0
Rs7327+n10,0.0,0.0,0.0,0.0,0.0,0.0,400.0,0.0,0.0,0.0,0.0,400.0
YN2018C+n30,0.0,0.0,0.0,400.0,0.0,0.0,0.0,0.0,0.0,0.0,0.0,400.0
Rs7327+n24,0.0,223.0,175.0,0.0,0.0,0.0,0.0,0.0,0.0,0.0,0.0,398.0
Rs672+SC2018,0.0,0.0,0.0,0.0,0.0,0.0,0.0,0.0,398.0,0.0,0.0,398.0
F46+YN2013,0.0,393.0,0.0,0.0,0.0,0.0,0.0,0.0,0.0,0.0,0.0,393.0
n34+n40,0.0,0.0,0.0,85.0,0.0,0.0,300.0,0.0,0.0,0.0,0.0,385.0
As6526+Rs9401,385.0,0.0,0.0,0.0,0.0,0.0,0.0,0.0,0.0,0.0,0.0,385.0
SC2018+WIV1,0.0,0.0,0.0,0.0,0.0,0.0,375.0,0.0,0.0,0.0,0.0,375.0
16BO133+HeB2013,0.0,0.0,0.0,0.0,0.0,44.0,300.0,0.0,0.0,0.0,25.0,369.0
n15+n35,0.0,0.0,0.0,0.0,100.0,0.0,0.0,0.0,267.0,0.0,0.0,367.0
n14+n46,0.0,0.0,0.0,0.0,0.0,0.0,0.0,0.0,365.0,0.0,0.0,365.0
Rs4247_147+n29,0.0,0.0,0.0,72.0,0.0,0.0,0.0,0.0,0.0,277.0,0.0,349.0
LYRa11+n35,0.0,0.0,0.0,290.0,0.0,0.0,0.0,0.0,55.0,0.0,0.0,345.0
Rf4092+YN2013,0.0,0.0,144.0,0.0,0.0,0.0,0.0,0.0,200.0,0.0,0.0,344.0
Rs4247_148+n8,0.0,0.0,0.0,43.0,0.0,0.0,300.0,0.0,0.0,0.0,0.0,343.0
n2+n37,0.0,0.0,0.0,0.0,0.0,0.0,0.0,39.0,0.0,300.0,0.0,339.0
P4L+n47,200.0,0.0,0.0,36.0,0.0,47.0,0.0,0.0,0.0,0.0,54.0,337.0
n39+n5,0.0,0.0,100.0,0.0,0.0,0.0,0.0,0.0,0.0,235.0,0.0,335.0
Rs4231+Rs4247_148,0.0,0.0,0.0,0.0,0.0,106.0,0.0,0.0,0.0,224.0,0.0,330.0
A022+C007,0.0,0.0,100.0,0.0,0.0,0.0,0.0,0.0,0.0,227.0,0.0,327.0
YNLF_31C+n21,0.0,0.0,0.0,0.0,324.0,0.0,0.0,0.0,0.0,0.0,0.0,324.0
YN2018B+n23,0.0,0.0,0.0,0.0,0.0,0.0,321.0,0.0,0.0,0.0,0.0,321.0
SC2018+YN2018B,0.0,0.0,0.0,0.0,0.0,0.0,0.0,0.0,320.0,0.0,0.0,320.0
As6526+n24,0.0,0.0,0.0,0.0,141.0,0.0,0.0,0.0,0.0,178.0,0.0,319.0
CpY11+YN2018C,0.0,0.0,317.0,0.0,0.0,0.0,0.0,0.0,0.0,0.0,0.0,317.0
SC2018+n18,0.0,0.0,0.0,0.0,317.0,0.0,0.0,0.0,0.0,0.0,0.0,317.0
n34+n46,0.0,0.0,0.0,0.0,239.0,0.0,53.0,0.0,0.0,0.0,24.0,316.0
F46+n7,0.0,0.0,28.0,0.0,200.0,0.0,0.0,0.0,85.0,0.0,0.0,313.0
Rm1+RpS11,0.0,0.0,0.0,0.0,0.0,0.0,0.0,0.0,11.0,300.0,0.0,311.0
RpS11+n28,0.0,0.0,0.0,0.0,0.0,0.0,300.0,0.0,0.0,0.0,0.0,300.0
Rs672+n11,0.0,0.0,0.0,0.0,0.0,0.0,0.0,0.0,0.0,300.0,0.0,300.0
Rs4084+n22,0.0,0.0,0.0,0.0,0.0,0.0,0.0,0.0,0.0,300.0,0.0,300.0
YN2018D+n38,0.0,0.0,300.0,0.0,0.0,0.0,0.0,0.0,0.0,0.0,0.0,300.0
n29+n36,0.0,0.0,0.0,0.0,0.0,0.0,0.0,0.0,0.0,0.0,300.0,300.0
n26+n8,300.0,0.0,0.0,0.0,0.0,0.0,0.0,0.0,0.0,0.0,0.0,300.0
SC2018+n8,0.0,0.0,0.0,0.0,0.0,0.0,0.0,0.0,0.0,300.0,0.0,300.0
SARS-CoV+n32,0.0,0.0,0.0,0.0,0.0,0.0,300.0,0.0,0.0,0.0,0.0,300.0
n2+n34,0.0,283.0,0.0,0.0,17.0,0.0,0.0,0.0,0.0,0.0,0.0,300.0
Rs4084+YNLF_31C,0.0,0.0,0.0,0.0,0.0,0.0,0.0,0.0,0.0,300.0,0.0,300.0
Rp3+SC2018,0.0,0.0,0.0,0.0,0.0,0.0,0.0,0.0,0.0,300.0,0.0,300.0
Rs4231+Rs672,0.0,0.0,0.0,0.0,0.0,0.0,0.0,0.0,0.0,0.0,300.0,300.0
Rs4084+YN2018B,0.0,0.0,0.0,0.0,0.0,0.0,0.0,0.0,0.0,0.0,300.0,300.0
P4L+P5E,0.0,0.0,0.0,0.0,100.0,0.0,0.0,100.0,0.0,100.0,0.0,300.0
Rs4247_147+n40,0.0,0.0,300.0,0.0,0.0,0.0,0.0,0.0,0.0,0.0,0.0,300.0
YN2018C+n28,0.0,0.0,0.0,0.0,0.0,0.0,0.0,0.0,0.0,300.0,0.0,300.0
YN2013+n14,0.0,0.0,0.0,100.0,0.0,0.0,0.0,0.0,199.0,0.0,0.0,299.0
A022+B039,0.0,0.0,0.0,0.0,0.0,0.0,200.0,0.0,0.0,97.0,0.0,297.0
Rs7327+n28,0.0,0.0,0.0,0.0,0.0,0.0,0.0,0.0,0.0,293.0,0.0,293.0
Rs9401+n15,0.0,0.0,100.0,0.0,0.0,0.0,0.0,0.0,0.0,190.0,0.0,290.0
As6526+n8,0.0,0.0,88.0,0.0,200.0,0.0,0.0,0.0,0.0,0.0,0.0,288.0
SARS-CoV+n31,0.0,0.0,0.0,0.0,280.0,0.0,0.0,0.0,0.0,0.0,0.0,280.0
Rf4092+Rs4255,0.0,0.0,0.0,100.0,180.0,0.0,0.0,0.0,0.0,0.0,0.0,280.0
YNLF_31C+n41,0.0,59.0,53.0,0.0,0.0,0.0,0.0,0.0,165.0,0.0,0.0,277.0
Rs9401+YN2018C,0.0,0.0,0.0,0.0,0.0,116.0,160.0,0.0,0.0,0.0,0.0,276.0
n20+n29,0.0,274.0,0.0,0.0,0.0,0.0,0.0,0.0,0.0,0.0,0.0,274.0
Rf4092+YN2018C,0.0,0.0,0.0,0.0,0.0,200.0,72.0,0.0,0.0,0.0,0.0,272.0
SARS-CoV+n18,0.0,0.0,0.0,0.0,269.0,0.0,0.0,0.0,0.0,0.0,0.0,269.0
CpY11+Rs4255,0.0,0.0,268.0,0.0,0.0,0.0,0.0,0.0,0.0,0.0,0.0,268.0
16BO133+n41,0.0,0.0,0.0,0.0,0.0,0.0,268.0,0.0,0.0,0.0,0.0,268.0
YNLF_31C+n34,0.0,0.0,0.0,24.0,0.0,0.0,0.0,0.0,238.0,0.0,0.0,262.0
Rs4081+YN2018A,0.0,0.0,0.0,0.0,0.0,261.0,0.0,0.0,0.0,0.0,0.0,261.0
Rs4255+n21,0.0,0.0,0.0,0.0,78.0,0.0,177.0,0.0,0.0,0.0,0.0,255.0
n19+n29,0.0,0.0,54.0,0.0,0.0,0.0,0.0,0.0,0.0,200.0,0.0,254.0
n24+n40,0.0,0.0,0.0,0.0,52.0,0.0,0.0,200.0,0.0,0.0,0.0,252.0
HeB2013+n12,0.0,0.0,0.0,0.0,0.0,0.0,0.0,0.0,252.0,0.0,0.0,252.0
n18+n35,0.0,0.0,0.0,0.0,251.0,0.0,0.0,0.0,0.0,0.0,0.0,251.0
Rs7327+n16,0.0,0.0,0.0,0.0,100.0,51.0,0.0,100.0,0.0,0.0,0.0,251.0
YNLF_31C+n14,0.0,0.0,0.0,0.0,0.0,249.0,0.0,0.0,0.0,0.0,0.0,249.0
n18+n2,0.0,0.0,0.0,0.0,198.0,0.0,0.0,0.0,0.0,0.0,50.0,248.0
Rs4247_148+n15,0.0,0.0,0.0,44.0,0.0,0.0,200.0,0.0,0.0,0.0,0.0,244.0
CpY11+GX2013,0.0,0.0,0.0,198.0,45.0,0.0,0.0,0.0,0.0,0.0,0.0,243.0
C007+C020,0.0,0.0,0.0,0.0,68.0,0.0,0.0,0.0,0.0,175.0,0.0,243.0
WIV16+n29,0.0,239.0,0.0,0.0,0.0,0.0,0.0,0.0,0.0,0.0,0.0,239.0
Rs9401+n26,0.0,0.0,181.0,0.0,57.0,0.0,0.0,0.0,0.0,0.0,0.0,238.0
Rs9401+n17,0.0,0.0,0.0,0.0,0.0,43.0,195.0,0.0,0.0,0.0,0.0,238.0
Rs9401+n20,0.0,0.0,0.0,0.0,0.0,0.0,0.0,0.0,237.0,0.0,0.0,237.0
B039+C007,0.0,0.0,0.0,0.0,12.0,0.0,0.0,0.0,0.0,225.0,0.0,237.0
F46+n43,0.0,0.0,0.0,0.0,0.0,0.0,0.0,200.0,36.0,0.0,0.0,236.0
CpY11+F46,0.0,0.0,41.0,194.0,0.0,0.0,0.0,0.0,0.0,0.0,0.0,235.0
P4L+P5L,0.0,0.0,0.0,35.0,100.0,0.0,0.0,0.0,100.0,0.0,0.0,235.0
Rs4247_147+YN2018C,0.0,0.0,112.0,0.0,23.0,0.0,0.0,0.0,0.0,100.0,0.0,235.0
SARS-CoV+SC2018,0.0,0.0,0.0,0.0,234.0,0.0,0.0,0.0,0.0,0.0,0.0,234.0
n39+n46,0.0,0.0,0.0,0.0,0.0,14.0,218.0,0.0,0.0,0.0,0.0,232.0
HeB2013+YNLF_31C,0.0,0.0,0.0,0.0,0.0,0.0,0.0,0.0,31.0,0.0,200.0,231.0
Rf4092+n21,0.0,0.0,0.0,0.0,228.0,0.0,0.0,0.0,0.0,0.0,0.0,228.0
SARS-CoV+n33,0.0,0.0,0.0,0.0,4.0,0.0,0.0,0.0,0.0,223.0,0.0,227.0
As6526+Rs672,0.0,0.0,0.0,0.0,0.0,224.0,0.0,0.0,0.0,0.0,0.0,224.0
Rs7327+WIV16,0.0,0.0,0.0,0.0,179.0,44.0,0.0,0.0,0.0,0.0,0.0,223.0
Rp3+n37,0.0,0.0,0.0,200.0,0.0,0.0,0.0,0.0,22.0,0.0,0.0,222.0
Rs4084+n12,0.0,0.0,0.0,0.0,118.0,0.0,0.0,100.0,0.0,0.0,0.0,218.0
n10+n24,0.0,0.0,0.0,0.0,217.0,0.0,0.0,0.0,0.0,0.0,0.0,217.0
Rs7327+n18,215.0,0.0,0.0,0.0,0.0,0.0,0.0,0.0,0.0,0.0,0.0,215.0
Rp3+n39,0.0,0.0,0.0,0.0,0.0,0.0,0.0,0.0,214.0,0.0,0.0,214.0
n11+n18,214.0,0.0,0.0,0.0,0.0,0.0,0.0,0.0,0.0,0.0,0.0,214.0
As6526+n10,0.0,0.0,212.0,0.0,0.0,0.0,0.0,0.0,0.0,0.0,0.0,212.0
n21+n40,0.0,0.0,0.0,0.0,210.0,0.0,0.0,0.0,0.0,0.0,0.0,210.0
GX2013+LYRa11,0.0,0.0,0.0,12.0,33.0,0.0,0.0,0.0,165.0,0.0,0.0,210.0
CpY11+n8,0.0,0.0,0.0,210.0,0.0,0.0,0.0,0.0,0.0,0.0,0.0,210.0
Rs4084+n26,0.0,0.0,0.0,0.0,208.0,0.0,0.0,0.0,0.0,0.0,0.0,208.0
Rf4092+YNLF_31C,0.0,0.0,0.0,125.0,83.0,0.0,0.0,0.0,0.0,0.0,0.0,208.0
BM48-31+n5,0.0,0.0,0.0,0.0,0.0,0.0,0.0,0.0,0.0,0.0,207.0,207.0
F46+n35,0.0,0.0,0.0,206.0,0.0,0.0,0.0,0.0,0.0,0.0,0.0,206.0
n44+n5,0.0,0.0,0.0,0.0,0.0,25.0,0.0,37.0,0.0,0.0,144.0,206.0
Rp3+n38,0.0,0.0,0.0,0.0,0.0,0.0,0.0,0.0,205.0,0.0,0.0,205.0
SARS-CoV+n2,0.0,0.0,0.0,0.0,204.0,0.0,0.0,0.0,0.0,0.0,0.0,204.0
Rs7327+WIV1,0.0,0.0,0.0,0.0,203.0,0.0,0.0,0.0,0.0,0.0,0.0,203.0
n15+n20,0.0,0.0,0.0,60.0,0.0,0.0,0.0,0.0,0.0,100.0,41.0,201.0
Rp3+n43,0.0,0.0,0.0,0.0,0.0,0.0,0.0,200.0,0.0,0.0,0.0,200.0
Rs4084+Rs4247_147,0.0,0.0,0.0,0.0,0.0,200.0,0.0,0.0,0.0,0.0,0.0,200.0
Rs4084+YN2018D,0.0,0.0,0.0,0.0,0.0,0.0,200.0,0.0,0.0,0.0,0.0,200.0
Rs9401+WIV16,0.0,0.0,0.0,0.0,0.0,0.0,0.0,0.0,200.0,0.0,0.0,200.0
Rs7327+n38,0.0,0.0,0.0,200.0,0.0,0.0,0.0,0.0,0.0,0.0,0.0,200.0
Rs4231+n24,0.0,0.0,0.0,0.0,200.0,0.0,0.0,0.0,0.0,0.0,0.0,200.0
Rp3+Rs4247_148,0.0,0.0,0.0,0.0,0.0,0.0,200.0,0.0,0.0,0.0,0.0,200.0
Rs7327+n8,0.0,0.0,0.0,0.0,0.0,0.0,200.0,0.0,0.0,0.0,0.0,200.0
HeB2013+n7,0.0,0.0,0.0,0.0,0.0,0.0,0.0,200.0,0.0,0.0,0.0,200.0
n19+n40,0.0,0.0,0.0,0.0,0.0,0.0,200.0,0.0,0.0,0.0,0.0,200.0
Anlong-103+YN2018C,0.0,0.0,0.0,200.0,0.0,0.0,0.0,0.0,0.0,0.0,0.0,200.0
C007+Rf4092,200.0,0.0,0.0,0.0,0.0,0.0,0.0,0.0,0.0,0.0,0.0,200.0
BM48-31+n3,0.0,0.0,100.0,100.0,0.0,0.0,0.0,0.0,0.0,0.0,0.0,200.0
n2+n3,0.0,0.0,0.0,0.0,0.0,0.0,0.0,0.0,0.0,200.0,0.0,200.0
n2+n40,0.0,0.0,0.0,0.0,0.0,0.0,0.0,0.0,0.0,200.0,0.0,200.0
As6526+n26,0.0,0.0,0.0,0.0,0.0,200.0,0.0,0.0,0.0,0.0,0.0,200.0
n12+n41,0.0,0.0,0.0,0.0,0.0,0.0,0.0,100.0,100.0,0.0,0.0,200.0
n41+n5,0.0,0.0,0.0,0.0,0.0,0.0,0.0,100.0,100.0,0.0,0.0,200.0
LYRa11+n37,0.0,0.0,0.0,200.0,0.0,0.0,0.0,0.0,0.0,0.0,0.0,200.0
A022+n41,0.0,0.0,0.0,0.0,0.0,0.0,0.0,0.0,0.0,0.0,200.0,200.0
HuB2013+n44,0.0,0.0,0.0,0.0,0.0,0.0,0.0,0.0,100.0,0.0,97.0,197.0
F46+Rs672,0.0,0.0,0.0,194.0,0.0,0.0,0.0,0.0,0.0,0.0,0.0,194.0
GX2013+YN2013,0.0,0.0,0.0,42.0,0.0,33.0,0.0,0.0,118.0,0.0,0.0,193.0
n2+n44,0.0,0.0,0.0,0.0,0.0,0.0,149.0,44.0,0.0,0.0,0.0,193.0
YN2018C+n22,0.0,0.0,0.0,0.0,0.0,0.0,0.0,0.0,0.0,192.0,0.0,192.0
Rs4081+n24,0.0,92.0,0.0,0.0,0.0,0.0,0.0,0.0,100.0,0.0,0.0,192.0
n11+n26,0.0,0.0,0.0,0.0,192.0,0.0,0.0,0.0,0.0,0.0,0.0,192.0
LYRa11+YN2013,0.0,0.0,0.0,71.0,0.0,0.0,0.0,0.0,118.0,0.0,0.0,189.0
GX2013+n14,0.0,0.0,0.0,0.0,0.0,0.0,0.0,0.0,188.0,0.0,0.0,188.0
n39+n44,0.0,0.0,0.0,0.0,0.0,0.0,29.0,0.0,0.0,158.0,0.0,187.0
SC2018+n7,100.0,0.0,0.0,0.0,0.0,0.0,0.0,0.0,85.0,0.0,0.0,185.0
LYRa11+n14,0.0,0.0,24.0,0.0,0.0,0.0,0.0,0.0,161.0,0.0,0.0,185.0
n2+n36,0.0,0.0,0.0,0.0,0.0,0.0,0.0,140.0,0.0,41.0,0.0,181.0
B039+SARS-CoV,0.0,0.0,0.0,0.0,181.0,0.0,0.0,0.0,0.0,0.0,0.0,181.0
n26+n34,0.0,0.0,0.0,24.0,0.0,0.0,100.0,0.0,0.0,0.0,55.0,179.0
Rs4084+n14,0.0,0.0,0.0,0.0,29.0,0.0,0.0,18.0,0.0,126.0,0.0,173.0
Rs672+n23,0.0,173.0,0.0,0.0,0.0,0.0,0.0,0.0,0.0,0.0,0.0,173.0
F46+n9,0.0,0.0,100.0,72.0,0.0,0.0,0.0,0.0,0.0,0.0,0.0,172.0
CpY11+n35,0.0,0.0,0.0,136.0,0.0,0.0,0.0,0.0,0.0,0.0,36.0,172.0
n40+n44,0.0,0.0,0.0,0.0,0.0,23.0,0.0,0.0,0.0,142.0,6.0,171.0
n2+n4,0.0,0.0,18.0,0.0,53.0,0.0,0.0,100.0,0.0,0.0,0.0,171.0
n19+n34,0.0,171.0,0.0,0.0,0.0,0.0,0.0,0.0,0.0,0.0,0.0,171.0
BtKY72+n3,0.0,70.0,100.0,0.0,0.0,0.0,0.0,0.0,0.0,0.0,0.0,170.0
Rf4092+Rs9401,0.0,0.0,0.0,0.0,0.0,145.0,25.0,0.0,0.0,0.0,0.0,170.0
GX2013+n46,0.0,0.0,0.0,74.0,70.0,0.0,0.0,0.0,24.0,0.0,0.0,168.0
n25+n8,0.0,0.0,0.0,68.0,0.0,0.0,0.0,0.0,0.0,0.0,100.0,168.0
YN2018D+n24,0.0,68.0,0.0,0.0,0.0,0.0,0.0,0.0,100.0,0.0,0.0,168.0
Anlong-103+Rs4084,0.0,0.0,0.0,0.0,0.0,0.0,0.0,0.0,0.0,168.0,0.0,168.0
Anlong-103+LYRa11,0.0,0.0,0.0,0.0,0.0,0.0,0.0,0.0,166.0,0.0,0.0,166.0
n10+n26,153.0,0.0,0.0,0.0,13.0,0.0,0.0,0.0,0.0,0.0,0.0,166.0
n22+n29,0.0,0.0,65.0,0.0,0.0,0.0,0.0,0.0,0.0,100.0,0.0,165.0
Anlong-103+n9,0.0,0.0,0.0,0.0,0.0,0.0,0.0,0.0,164.0,0.0,0.0,164.0
SC2018+n14,0.0,0.0,18.0,0.0,146.0,0.0,0.0,0.0,0.0,0.0,0.0,164.0
GX2013+n25,0.0,0.0,0.0,12.0,0.0,0.0,0.0,52.0,100.0,0.0,0.0,164.0
n28+n40,0.0,0.0,0.0,0.0,163.0,0.0,0.0,0.0,0.0,0.0,0.0,163.0
n2+n5,0.0,0.0,49.0,0.0,0.0,0.0,0.0,114.0,0.0,0.0,0.0,163.0
Rs4081+n38,0.0,0.0,0.0,162.0,0.0,0.0,0.0,0.0,0.0,0.0,0.0,162.0
Rs672+n24,0.0,162.0,0.0,0.0,0.0,0.0,0.0,0.0,0.0,0.0,0.0,162.0
Anlong-103+n14,0.0,0.0,0.0,0.0,0.0,0.0,0.0,0.0,159.0,0.0,0.0,159.0
YN2018A+n24,0.0,0.0,0.0,0.0,158.0,0.0,0.0,0.0,0.0,0.0,0.0,158.0
n36+n6,0.0,138.0,0.0,0.0,0.0,0.0,0.0,20.0,0.0,0.0,0.0,158.0
Rs9401+n27,0.0,0.0,156.0,0.0,0.0,0.0,0.0,0.0,0.0,0.0,0.0,156.0
Rf4092+n11,0.0,0.0,156.0,0.0,0.0,0.0,0.0,0.0,0.0,0.0,0.0,156.0
16BO133+Jiyuan_84,0.0,0.0,0.0,0.0,0.0,0.0,149.0,0.0,0.0,0.0,6.0,155.0
n2+n47,0.0,72.0,0.0,82.0,0.0,0.0,0.0,0.0,0.0,0.0,0.0,154.0
Rp3+n35,0.0,0.0,0.0,54.0,0.0,100.0,0.0,0.0,0.0,0.0,0.0,154.0
n15+n46,0.0,0.0,0.0,0.0,0.0,0.0,0.0,0.0,154.0,0.0,0.0,154.0
n13+n9,153.0,0.0,0.0,0.0,0.0,0.0,0.0,0.0,0.0,0.0,0.0,153.0
n34+n39,0.0,0.0,0.0,0.0,0.0,0.0,152.0,0.0,0.0,0.0,0.0,152.0
YNLF_31C+n22,0.0,0.0,0.0,0.0,0.0,0.0,0.0,0.0,0.0,152.0,0.0,152.0
As6526+Rs4084,0.0,0.0,0.0,0.0,0.0,0.0,0.0,0.0,0.0,152.0,0.0,152.0
GX2013+n28,0.0,0.0,0.0,0.0,0.0,52.0,0.0,100.0,0.0,0.0,0.0,152.0
CpY11+Rp3,100.0,0.0,0.0,51.0,0.0,0.0,0.0,0.0,0.0,0.0,0.0,151.0
Rf4092+n23,0.0,0.0,0.0,0.0,0.0,0.0,0.0,0.0,0.0,151.0,0.0,151.0
YN2018A+n22,0.0,0.0,0.0,100.0,0.0,0.0,0.0,0.0,51.0,0.0,0.0,151.0
LYRa11+Rf4092,0.0,0.0,0.0,0.0,0.0,0.0,0.0,0.0,150.0,0.0,0.0,150.0
Rs4247_147+SARS-CoV,0.0,0.0,0.0,0.0,0.0,0.0,0.0,0.0,0.0,150.0,0.0,150.0
YN2018A+YN2018B,0.0,0.0,0.0,0.0,0.0,0.0,0.0,0.0,148.0,0.0,0.0,148.0
As6526+n35,0.0,0.0,0.0,0.0,148.0,0.0,0.0,0.0,0.0,0.0,0.0,148.0
CpY11+n14,0.0,0.0,0.0,0.0,0.0,0.0,0.0,0.0,147.0,0.0,0.0,147.0
n12+n43,0.0,0.0,0.0,0.0,0.0,0.0,0.0,0.0,145.0,0.0,0.0,145.0
Rs4255+n18,0.0,0.0,0.0,0.0,0.0,0.0,0.0,0.0,144.0,0.0,0.0,144.0
Rf4092+n25,0.0,0.0,0.0,72.0,0.0,0.0,0.0,42.0,0.0,0.0,30.0,144.0
n46+n6,0.0,0.0,0.0,0.0,0.0,0.0,0.0,0.0,118.0,0.0,23.0,141.0
n18+n20,0.0,0.0,0.0,0.0,0.0,0.0,0.0,0.0,45.0,96.0,0.0,141.0
n2+n39,0.0,0.0,0.0,0.0,0.0,0.0,0.0,0.0,0.0,140.0,0.0,140.0
n21+n28,0.0,0.0,0.0,0.0,138.0,0.0,0.0,0.0,0.0,0.0,0.0,138.0
Rf4092+n26,0.0,0.0,0.0,62.0,0.0,0.0,0.0,0.0,15.0,0.0,60.0,137.0
Rp3+n34,100.0,0.0,0.0,36.0,0.0,0.0,0.0,0.0,0.0,0.0,0.0,136.0
HuB2013+n38,0.0,0.0,0.0,0.0,0.0,0.0,97.0,0.0,0.0,38.0,0.0,135.0
n13+n8,35.0,0.0,0.0,100.0,0.0,0.0,0.0,0.0,0.0,0.0,0.0,135.0
n35+n6,0.0,62.0,0.0,0.0,0.0,0.0,0.0,0.0,30.0,0.0,43.0,135.0
F46+n46,0.0,0.0,0.0,110.0,0.0,0.0,24.0,0.0,0.0,0.0,0.0,134.0
CpY11+n46,0.0,0.0,0.0,25.0,97.0,0.0,0.0,6.0,0.0,0.0,6.0,134.0
Rs7327+n13,0.0,0.0,0.0,0.0,0.0,33.0,0.0,100.0,0.0,0.0,0.0,133.0
Rs672+n15,0.0,0.0,0.0,100.0,0.0,0.0,0.0,0.0,32.0,0.0,0.0,132.0
Rs4081+Rs4084,0.0,0.0,0.0,0.0,0.0,0.0,0.0,0.0,0.0,132.0,0.0,132.0
BM48-31+n35,0.0,0.0,0.0,0.0,0.0,0.0,0.0,0.0,0.0,0.0,132.0,132.0
Rs672+YN2018B,0.0,0.0,0.0,0.0,0.0,0.0,0.0,0.0,132.0,0.0,0.0,132.0
Rm1+n5,0.0,0.0,0.0,0.0,0.0,0.0,0.0,100.0,0.0,0.0,31.0,131.0
SARS-CoV+n38,0.0,0.0,0.0,0.0,129.0,0.0,0.0,0.0,0.0,0.0,0.0,129.0
n22+n27,0.0,0.0,0.0,0.0,0.0,0.0,0.0,100.0,0.0,28.0,0.0,128.0
F46+n2,0.0,0.0,0.0,108.0,0.0,0.0,18.0,0.0,0.0,0.0,0.0,126.0
Rs4084+n23,0.0,26.0,0.0,100.0,0.0,0.0,0.0,0.0,0.0,0.0,0.0,126.0
Rf4092+n34,0.0,0.0,0.0,72.0,0.0,0.0,0.0,0.0,0.0,0.0,54.0,126.0
Rp3+Rs4084,0.0,0.0,0.0,100.0,0.0,0.0,0.0,26.0,0.0,0.0,0.0,126.0
n24+n26,0.0,0.0,0.0,0.0,25.0,0.0,0.0,100.0,0.0,0.0,0.0,125.0
LYRa11+n2,0.0,0.0,17.0,0.0,74.0,0.0,34.0,0.0,0.0,0.0,0.0,125.0
F46+YNLF_31C,0.0,0.0,0.0,0.0,0.0,0.0,0.0,0.0,124.0,0.0,0.0,124.0
n18+n31,0.0,0.0,0.0,0.0,124.0,0.0,0.0,0.0,0.0,0.0,0.0,124.0
P5L+n52,0.0,100.0,0.0,24.0,0.0,0.0,0.0,0.0,0.0,0.0,0.0,124.0
Rs4255+YN2018D,0.0,73.0,50.0,0.0,0.0,0.0,0.0,0.0,0.0,0.0,0.0,123.0
Rs4231+SC2018,0.0,0.0,0.0,0.0,23.0,0.0,0.0,0.0,0.0,0.0,100.0,123.0
n34+n38,0.0,0.0,0.0,0.0,0.0,0.0,122.0,0.0,0.0,0.0,0.0,122.0
GX2013+Rs672,0.0,0.0,0.0,106.0,0.0,0.0,0.0,0.0,15.0,0.0,0.0,121.0
YNLF_31C+n42,0.0,41.0,0.0,0.0,0.0,0.0,0.0,0.0,76.0,0.0,0.0,117.0
F46+n26,0.0,0.0,0.0,0.0,0.0,0.0,0.0,100.0,15.0,0.0,0.0,115.0
C020+SARS-CoV,0.0,0.0,0.0,0.0,115.0,0.0,0.0,0.0,0.0,0.0,0.0,115.0
n15+n39,0.0,0.0,0.0,0.0,114.0,0.0,0.0,0.0,0.0,0.0,0.0,114.0
Rs4084+n2,0.0,0.0,0.0,112.0,0.0,0.0,0.0,0.0,0.0,0.0,0.0,112.0
SC2018+n15,0.0,0.0,0.0,100.0,0.0,0.0,0.0,0.0,12.0,0.0,0.0,112.0
YN2018D+n22,0.0,0.0,112.0,0.0,0.0,0.0,0.0,0.0,0.0,0.0,0.0,112.0
n11+n2,0.0,0.0,0.0,111.0,0.0,0.0,0.0,0.0,0.0,0.0,0.0,111.0
n38+n46,0.0,0.0,0.0,0.0,0.0,100.0,11.0,0.0,0.0,0.0,0.0,111.0
YN2018D+n23,0.0,110.0,0.0,0.0,0.0,0.0,0.0,0.0,0.0,0.0,0.0,110.0
YN2013+n34,0.0,0.0,0.0,110.0,0.0,0.0,0.0,0.0,0.0,0.0,0.0,110.0
YN2018A+n34,0.0,0.0,0.0,109.0,0.0,0.0,0.0,0.0,0.0,0.0,0.0,109.0
n15+n38,0.0,0.0,0.0,100.0,0.0,0.0,0.0,0.0,9.0,0.0,0.0,109.0
YN2018C+YN2018D,0.0,0.0,108.0,0.0,0.0,0.0,0.0,0.0,0.0,0.0,0.0,108.0
YN2018C+n29,0.0,0.0,0.0,0.0,0.0,0.0,0.0,0.0,0.0,108.0,0.0,108.0
Rm1+n2,0.0,0.0,0.0,0.0,0.0,0.0,0.0,0.0,0.0,107.0,0.0,107.0
n13+n28,0.0,0.0,0.0,107.0,0.0,0.0,0.0,0.0,0.0,0.0,0.0,107.0
Rs7327+n20,0.0,0.0,0.0,0.0,51.0,56.0,0.0,0.0,0.0,0.0,0.0,107.0
Rf4092+n15,0.0,0.0,0.0,70.0,0.0,0.0,0.0,0.0,0.0,0.0,37.0,107.0
GX2013+n12,0.0,0.0,0.0,106.0,0.0,0.0,0.0,0.0,0.0,0.0,0.0,106.0
n5+n50,0.0,0.0,0.0,0.0,0.0,106.0,0.0,0.0,0.0,0.0,0.0,106.0
16BO133+Rf4092,0.0,106.0,0.0,0.0,0.0,0.0,0.0,0.0,0.0,0.0,0.0,106.0
HeB2013+n43,0.0,0.0,0.0,0.0,0.0,0.0,0.0,0.0,102.0,0.0,0.0,102.0
n14+n38,0.0,0.0,0.0,100.0,0.0,0.0,0.0,0.0,0.0,0.0,0.0,100.0
Rs7327+SC2018,0.0,0.0,0.0,0.0,0.0,100.0,0.0,0.0,0.0,0.0,0.0,100.0
n21+n29,0.0,0.0,0.0,100.0,0.0,0.0,0.0,0.0,0.0,0.0,0.0,100.0
Rs4255+n10,0.0,0.0,0.0,0.0,100.0,0.0,0.0,0.0,0.0,0.0,0.0,100.0
n15+n44,0.0,0.0,0.0,0.0,0.0,0.0,0.0,0.0,0.0,0.0,100.0,100.0
n16+n35,0.0,0.0,0.0,0.0,0.0,0.0,0.0,0.0,100.0,0.0,0.0,100.0
n16+n40,0.0,0.0,0.0,0.0,0.0,0.0,0.0,100.0,0.0,0.0,0.0,100.0
SC2018+n11,0.0,0.0,0.0,0.0,0.0,100.0,0.0,0.0,0.0,0.0,0.0,100.0
Rs4247_148+n26,0.0,0.0,0.0,0.0,0.0,0.0,100.0,0.0,0.0,0.0,0.0,100.0
n10+n2,0.0,0.0,0.0,100.0,0.0,0.0,0.0,0.0,0.0,0.0,0.0,100.0
YNLF_31C+n38,0.0,0.0,0.0,100.0,0.0,0.0,0.0,0.0,0.0,0.0,0.0,100.0
n19+n39,0.0,0.0,100.0,0.0,0.0,0.0,0.0,0.0,0.0,0.0,0.0,100.0
WIV1+n11,0.0,0.0,0.0,100.0,0.0,0.0,0.0,0.0,0.0,0.0,0.0,100.0
YN2018A+n27,0.0,0.0,0.0,0.0,0.0,0.0,100.0,0.0,0.0,0.0,0.0,100.0
n14+n29,0.0,0.0,0.0,0.0,0.0,0.0,0.0,0.0,0.0,100.0,0.0,100.0
n19+n27,0.0,0.0,0.0,0.0,0.0,0.0,100.0,0.0,0.0,0.0,0.0,100.0
Rs4255+n27,0.0,0.0,0.0,0.0,0.0,100.0,0.0,0.0,0.0,0.0,0.0,100.0
n11+n12,0.0,0.0,0.0,0.0,82.0,0.0,0.0,18.0,0.0,0.0,0.0,100.0
n19+n2,0.0,0.0,0.0,0.0,0.0,0.0,0.0,0.0,0.0,0.0,100.0,100.0
WIV16+n43,0.0,0.0,0.0,0.0,0.0,0.0,0.0,100.0,0.0,0.0,0.0,100.0
Rs4247_148+n11,0.0,0.0,0.0,0.0,0.0,0.0,100.0,0.0,0.0,0.0,0.0,100.0
WIV16+n42,0.0,0.0,0.0,0.0,0.0,0.0,0.0,100.0,0.0,0.0,0.0,100.0
n18+n8,0.0,0.0,0.0,0.0,0.0,0.0,0.0,100.0,0.0,0.0,0.0,100.0
n11+n37,0.0,0.0,0.0,0.0,0.0,0.0,0.0,100.0,0.0,0.0,0.0,100.0
SARS-CoV+n19,0.0,0.0,0.0,100.0,0.0,0.0,0.0,0.0,0.0,0.0,0.0,100.0
n11+n13,0.0,0.0,0.0,0.0,0.0,100.0,0.0,0.0,0.0,0.0,0.0,100.0
n20+n26,0.0,0.0,0.0,0.0,0.0,0.0,100.0,0.0,0.0,0.0,0.0,100.0
n10+n37,0.0,0.0,0.0,0.0,0.0,0.0,0.0,100.0,0.0,0.0,0.0,100.0
n14+n27,0.0,0.0,0.0,0.0,0.0,0.0,0.0,0.0,0.0,100.0,0.0,100.0
n12+n40,0.0,0.0,0.0,0.0,0.0,0.0,0.0,100.0,0.0,0.0,0.0,100.0
YN2018C+n26,0.0,0.0,0.0,100.0,0.0,0.0,0.0,0.0,0.0,0.0,0.0,100.0
n10+n36,0.0,0.0,0.0,0.0,0.0,0.0,0.0,100.0,0.0,0.0,0.0,100.0
YN2018C+n42,0.0,0.0,0.0,0.0,0.0,0.0,0.0,100.0,0.0,0.0,0.0,100.0
Rs672+n38,0.0,0.0,0.0,100.0,0.0,0.0,0.0,0.0,0.0,0.0,0.0,100.0
YN2018C+n21,0.0,0.0,0.0,100.0,0.0,0.0,0.0,0.0,0.0,0.0,0.0,100.0
n18+n21,0.0,0.0,0.0,0.0,0.0,0.0,0.0,100.0,0.0,0.0,0.0,100.0
n2+n27,0.0,0.0,0.0,100.0,0.0,0.0,0.0,0.0,0.0,0.0,0.0,100.0
WIV16+n27,0.0,0.0,0.0,100.0,0.0,0.0,0.0,0.0,0.0,0.0,0.0,100.0
n12+n34,0.0,0.0,0.0,0.0,0.0,0.0,0.0,100.0,0.0,0.0,0.0,100.0
RpS11+n45,0.0,0.0,0.0,0.0,0.0,0.0,0.0,100.0,0.0,0.0,0.0,100.0
Rs4247_148+YN2018D,0.0,0.0,0.0,0.0,0.0,0.0,100.0,0.0,0.0,0.0,0.0,100.0
Rp3+WIV1,0.0,0.0,0.0,0.0,0.0,0.0,0.0,0.0,0.0,0.0,100.0,100.0
BtKY72+n4,0.0,0.0,0.0,0.0,0.0,0.0,0.0,100.0,0.0,0.0,0.0,100.0
Rf1+n12,0.0,0.0,0.0,0.0,0.0,0.0,0.0,0.0,100.0,0.0,0.0,100.0
B039+n35,0.0,0.0,0.0,0.0,0.0,0.0,0.0,0.0,0.0,0.0,100.0,100.0
Rf4092+Rs4247_148,0.0,0.0,0.0,100.0,0.0,0.0,0.0,0.0,0.0,0.0,0.0,100.0
n46+n8,0.0,0.0,0.0,0.0,0.0,0.0,0.0,0.0,100.0,0.0,0.0,100.0
Rf4092+n2,0.0,0.0,0.0,0.0,0.0,0.0,0.0,0.0,0.0,0.0,100.0,100.0
As6526+SC2018,0.0,0.0,0.0,0.0,0.0,100.0,0.0,0.0,0.0,0.0,0.0,100.0
Rs4081+n27,0.0,0.0,0.0,0.0,0.0,100.0,0.0,0.0,0.0,0.0,0.0,100.0
As6526+Rs4247_147,0.0,0.0,0.0,0.0,0.0,100.0,0.0,0.0,0.0,0.0,0.0,100.0
Rp3+n27,0.0,0.0,0.0,0.0,0.0,0.0,100.0,0.0,0.0,0.0,0.0,100.0
RpS11+Rs4084,0.0,0.0,0.0,0.0,0.0,0.0,0.0,0.0,0.0,0.0,100.0,100.0
Anlong-103+n16,0.0,0.0,0.0,0.0,0.0,0.0,100.0,0.0,0.0,0.0,0.0,100.0
RpS11+n5,0.0,0.0,0.0,0.0,0.0,0.0,0.0,100.0,0.0,0.0,0.0,100.0
Rs4081+YN2018C,0.0,0.0,0.0,100.0,0.0,0.0,0.0,0.0,0.0,0.0,0.0,100.0
n34+n36,0.0,0.0,0.0,0.0,0.0,0.0,0.0,0.0,0.0,0.0,100.0,100.0
C007+n26,100.0,0.0,0.0,0.0,0.0,0.0,0.0,0.0,0.0,0.0,0.0,100.0
P2V+n2,0.0,0.0,0.0,0.0,0.0,0.0,100.0,0.0,0.0,0.0,0.0,100.0
P2V+P5L,0.0,0.0,0.0,0.0,0.0,0.0,0.0,0.0,0.0,100.0,0.0,100.0
C010+CpY11,0.0,0.0,0.0,0.0,0.0,0.0,0.0,0.0,0.0,0.0,100.0,100.0
P1E+P2V,0.0,0.0,0.0,0.0,100.0,0.0,0.0,0.0,0.0,0.0,0.0,100.0
LYRa11+SC2018,0.0,0.0,0.0,0.0,0.0,100.0,0.0,0.0,0.0,0.0,0.0,100.0
CpY11+n7,0.0,0.0,100.0,0.0,0.0,0.0,0.0,0.0,0.0,0.0,0.0,100.0
HeB2013+n5,0.0,0.0,0.0,0.0,0.0,0.0,0.0,100.0,0.0,0.0,0.0,100.0
n36+n5,0.0,0.0,0.0,0.0,0.0,0.0,0.0,100.0,0.0,0.0,0.0,100.0
HKU3_7+n7,0.0,0.0,0.0,0.0,0.0,0.0,0.0,0.0,0.0,0.0,100.0,100.0
HKU3_7+n14,0.0,0.0,0.0,0.0,0.0,0.0,0.0,0.0,0.0,0.0,100.0,100.0
HKU3_12+HKU3_7,0.0,0.0,0.0,0.0,0.0,0.0,0.0,100.0,0.0,0.0,0.0,100.0
HKU3_1+Rs7327,0.0,0.0,0.0,0.0,0.0,0.0,0.0,0.0,0.0,0.0,100.0,100.0
F46+YN2018B,0.0,0.0,0.0,0.0,0.0,0.0,0.0,100.0,0.0,0.0,0.0,100.0
F46+n14,0.0,0.0,100.0,0.0,0.0,0.0,0.0,0.0,0.0,0.0,0.0,100.0
F46+n24,0.0,0.0,0.0,0.0,0.0,0.0,0.0,100.0,0.0,0.0,0.0,100.0
Anlong-103+SC2018,0.0,0.0,0.0,0.0,0.0,100.0,0.0,0.0,0.0,0.0,0.0,100.0
F46+n40,0.0,100.0,0.0,0.0,0.0,0.0,0.0,0.0,0.0,0.0,0.0,100.0
n23+n47,0.0,0.0,0.0,0.0,0.0,0.0,0.0,0.0,0.0,0.0,100.0,100.0
A022+YN2018C,0.0,0.0,0.0,100.0,0.0,0.0,0.0,0.0,0.0,0.0,0.0,100.0
n23+n28,0.0,0.0,0.0,0.0,0.0,0.0,0.0,0.0,0.0,100.0,0.0,100.0
Anlong-103+Rp3,0.0,0.0,0.0,0.0,0.0,0.0,100.0,0.0,0.0,0.0,0.0,100.0
Rs4247_147+n38,0.0,0.0,100.0,0.0,0.0,0.0,0.0,0.0,0.0,0.0,0.0,100.0
Rs4247_147+YN2018B,0.0,0.0,0.0,0.0,0.0,0.0,0.0,0.0,0.0,0.0,100.0,100.0
Rs4231+YN2018A,0.0,0.0,0.0,0.0,0.0,0.0,0.0,0.0,0.0,0.0,100.0,100.0
Anlong-103+Rs4247_148,0.0,0.0,0.0,0.0,0.0,0.0,100.0,0.0,0.0,0.0,0.0,100.0
Rs4084+n36,0.0,0.0,0.0,0.0,0.0,0.0,0.0,0.0,0.0,0.0,100.0,100.0
16BO133+n46,0.0,0.0,0.0,0.0,0.0,100.0,0.0,0.0,0.0,0.0,0.0,100.0
16BO133+n6,0.0,0.0,0.0,0.0,0.0,0.0,0.0,0.0,0.0,0.0,100.0,100.0
n49+n51,0.0,0.0,0.0,0.0,0.0,0.0,0.0,0.0,0.0,100.0,0.0,100.0
Rs4084+SC2018,0.0,0.0,0.0,0.0,0.0,0.0,0.0,0.0,0.0,0.0,100.0,100.0
Rp3+n14,0.0,0.0,0.0,0.0,0.0,0.0,0.0,99.0,0.0,0.0,0.0,99.0
YN2013+n35,0.0,69.0,0.0,30.0,0.0,0.0,0.0,0.0,0.0,0.0,0.0,99.0
n15+n25,0.0,0.0,0.0,86.0,0.0,0.0,0.0,0.0,0.0,0.0,12.0,98.0
n14+n8,0.0,0.0,0.0,0.0,0.0,0.0,0.0,0.0,98.0,0.0,0.0,98.0
Rs7327+n17,0.0,0.0,0.0,0.0,0.0,0.0,0.0,0.0,97.0,0.0,0.0,97.0
SC2018+n22,0.0,0.0,0.0,0.0,0.0,0.0,0.0,0.0,97.0,0.0,0.0,97.0
YN2013+n9,0.0,0.0,0.0,71.0,0.0,24.0,0.0,0.0,0.0,0.0,0.0,95.0
n40+n50,0.0,0.0,0.0,0.0,0.0,94.0,0.0,0.0,0.0,0.0,0.0,94.0
16BO133+F46,0.0,94.0,0.0,0.0,0.0,0.0,0.0,0.0,0.0,0.0,0.0,94.0
Rs4247_148+n18,0.0,0.0,0.0,0.0,0.0,94.0,0.0,0.0,0.0,0.0,0.0,94.0
Anlong-103+Rs672,0.0,0.0,0.0,93.0,0.0,0.0,0.0,0.0,0.0,0.0,0.0,93.0
P4L+n53,38.0,0.0,0.0,0.0,0.0,0.0,0.0,0.0,0.0,0.0,55.0,93.0
n28+n39,0.0,0.0,0.0,0.0,0.0,0.0,92.0,0.0,0.0,0.0,0.0,92.0
Rs4247_147+n20,0.0,0.0,0.0,27.0,0.0,0.0,0.0,0.0,0.0,0.0,64.0,91.0
n23+n29,0.0,0.0,81.0,0.0,0.0,0.0,0.0,0.0,0.0,8.0,0.0,89.0
YN2018C+n19,0.0,0.0,88.0,0.0,0.0,0.0,0.0,0.0,0.0,0.0,0.0,88.0
As6526+n11,86.0,0.0,0.0,0.0,0.0,0.0,0.0,0.0,0.0,0.0,0.0,86.0
n39+n47,0.0,0.0,0.0,0.0,0.0,0.0,0.0,0.0,0.0,85.0,0.0,85.0
YN2013+n40,0.0,0.0,0.0,84.0,0.0,0.0,0.0,0.0,0.0,0.0,0.0,84.0
Rs672+n13,0.0,0.0,0.0,83.0,0.0,0.0,0.0,0.0,0.0,0.0,0.0,83.0
Anlong-103+n13,0.0,0.0,0.0,36.0,0.0,0.0,0.0,0.0,47.0,0.0,0.0,83.0
Rs672+n28,0.0,0.0,0.0,82.0,0.0,0.0,0.0,0.0,0.0,0.0,0.0,82.0
n28+n41,0.0,0.0,47.0,0.0,0.0,0.0,0.0,0.0,35.0,0.0,0.0,82.0
P4L+n52,0.0,0.0,0.0,59.0,0.0,22.0,0.0,0.0,0.0,0.0,0.0,81.0
YNLF_31C+n43,0.0,0.0,0.0,0.0,0.0,0.0,0.0,0.0,80.0,0.0,0.0,80.0
n34+n35,0.0,0.0,0.0,0.0,0.0,0.0,0.0,0.0,0.0,0.0,80.0,80.0
n35+n8,0.0,0.0,0.0,41.0,0.0,0.0,0.0,0.0,0.0,39.0,0.0,80.0
YN2018A+n13,79.0,0.0,0.0,0.0,0.0,0.0,0.0,0.0,0.0,0.0,0.0,79.0
n15+n8,0.0,0.0,0.0,19.0,0.0,0.0,0.0,0.0,9.0,0.0,51.0,79.0
Rs4255+n38,0.0,0.0,78.0,0.0,0.0,0.0,0.0,0.0,0.0,0.0,0.0,78.0
Rs4081+n23,0.0,78.0,0.0,0.0,0.0,0.0,0.0,0.0,0.0,0.0,0.0,78.0
n2+n23,0.0,0.0,0.0,77.0,0.0,0.0,0.0,0.0,0.0,0.0,0.0,77.0
Rs4084+n21,0.0,0.0,0.0,77.0,0.0,0.0,0.0,0.0,0.0,0.0,0.0,77.0
n24+n39,0.0,0.0,0.0,0.0,77.0,0.0,0.0,0.0,0.0,0.0,0.0,77.0
A022+C020,0.0,0.0,0.0,0.0,0.0,0.0,0.0,0.0,0.0,76.0,0.0,76.0
n12+n38,0.0,0.0,76.0,0.0,0.0,0.0,0.0,0.0,0.0,0.0,0.0,76.0
n14+n34,0.0,0.0,76.0,0.0,0.0,0.0,0.0,0.0,0.0,0.0,0.0,76.0
n10+n20,0.0,0.0,0.0,0.0,75.0,0.0,0.0,0.0,0.0,0.0,0.0,75.0
n11+n24,0.0,0.0,0.0,75.0,0.0,0.0,0.0,0.0,0.0,0.0,0.0,75.0
CpY11+n38,0.0,0.0,74.0,0.0,0.0,0.0,0.0,0.0,0.0,0.0,0.0,74.0
Rm1+n44,0.0,0.0,0.0,0.0,0.0,0.0,0.0,0.0,49.0,0.0,25.0,74.0
Rs4247_147+n33,0.0,0.0,0.0,0.0,0.0,0.0,0.0,0.0,0.0,73.0,0.0,73.0
n47+n53,62.0,0.0,0.0,0.0,0.0,0.0,0.0,0.0,0.0,0.0,11.0,73.0
n28+n34,0.0,0.0,0.0,25.0,0.0,0.0,0.0,0.0,0.0,0.0,48.0,73.0
HuB2013+n5,0.0,0.0,0.0,0.0,0.0,0.0,0.0,0.0,0.0,0.0,73.0,73.0
WIV16+n16,0.0,0.0,0.0,0.0,71.0,0.0,0.0,0.0,0.0,0.0,0.0,71.0
WIV16+n26,0.0,0.0,0.0,0.0,71.0,0.0,0.0,0.0,0.0,0.0,0.0,71.0
GX2013+n2,0.0,0.0,0.0,71.0,0.0,0.0,0.0,0.0,0.0,0.0,0.0,71.0
YN2018A+n20,0.0,0.0,0.0,0.0,71.0,0.0,0.0,0.0,0.0,0.0,0.0,71.0
Rs4084+WIV16,0.0,0.0,0.0,0.0,71.0,0.0,0.0,0.0,0.0,0.0,0.0,71.0
n40+n9,0.0,0.0,0.0,70.0,0.0,0.0,0.0,0.0,0.0,0.0,0.0,70.0
n35+n9,0.0,0.0,0.0,0.0,61.0,0.0,0.0,0.0,9.0,0.0,0.0,70.0
Rf4092+n8,0.0,0.0,0.0,0.0,0.0,0.0,0.0,0.0,0.0,0.0,70.0,70.0
YN2018D+n20,0.0,0.0,0.0,0.0,0.0,0.0,0.0,0.0,69.0,0.0,0.0,69.0
BtKY72+n6,0.0,0.0,0.0,0.0,0.0,0.0,0.0,0.0,0.0,0.0,69.0,69.0
YN2018C+n38,0.0,0.0,68.0,0.0,0.0,0.0,0.0,0.0,0.0,0.0,0.0,68.0
Rp3+n2,0.0,0.0,0.0,25.0,0.0,0.0,0.0,0.0,0.0,0.0,43.0,68.0
Rs9401+YN2018D,0.0,0.0,0.0,0.0,0.0,0.0,0.0,0.0,68.0,0.0,0.0,68.0
Rp3+n31,67.0,0.0,0.0,0.0,0.0,0.0,0.0,0.0,0.0,0.0,0.0,67.0
SARS-CoV+YN2018C,0.0,0.0,0.0,66.0,0.0,0.0,0.0,0.0,0.0,0.0,0.0,66.0
Rs9401+n39,0.0,0.0,0.0,66.0,0.0,0.0,0.0,0.0,0.0,0.0,0.0,66.0
n25+n40,0.0,0.0,0.0,0.0,65.0,0.0,0.0,0.0,0.0,0.0,0.0,65.0
Rs4247_147+n15,0.0,0.0,0.0,48.0,0.0,0.0,0.0,0.0,0.0,0.0,17.0,65.0
CpY11+n36,0.0,0.0,0.0,0.0,0.0,0.0,0.0,30.0,0.0,0.0,35.0,65.0
n40+n7,0.0,0.0,0.0,0.0,64.0,0.0,0.0,0.0,0.0,0.0,0.0,64.0
n37+n44,0.0,0.0,0.0,0.0,0.0,0.0,0.0,0.0,0.0,0.0,64.0,64.0
GX2013+n45,0.0,0.0,0.0,0.0,0.0,0.0,0.0,64.0,0.0,0.0,0.0,64.0
n16+n46,0.0,0.0,0.0,0.0,0.0,0.0,0.0,0.0,64.0,0.0,0.0,64.0
GX2013+SC2018,0.0,0.0,0.0,0.0,0.0,63.0,0.0,0.0,0.0,0.0,0.0,63.0
CpY11+n13,0.0,0.0,0.0,63.0,0.0,0.0,0.0,0.0,0.0,0.0,0.0,63.0
n12+n42,0.0,0.0,0.0,0.0,0.0,0.0,0.0,0.0,63.0,0.0,0.0,63.0
YN2018D+n19,0.0,0.0,0.0,0.0,0.0,0.0,0.0,0.0,63.0,0.0,0.0,63.0
YN2013+n25,0.0,0.0,0.0,63.0,0.0,0.0,0.0,0.0,0.0,0.0,0.0,63.0
Rf4092+n20,0.0,0.0,0.0,0.0,37.0,0.0,0.0,0.0,0.0,0.0,25.0,62.0
C020+n9,62.0,0.0,0.0,0.0,0.0,0.0,0.0,0.0,0.0,0.0,0.0,62.0
Anlong-103+n35,0.0,62.0,0.0,0.0,0.0,0.0,0.0,0.0,0.0,0.0,0.0,62.0
YNLF_31C+n30,0.0,0.0,0.0,62.0,0.0,0.0,0.0,0.0,0.0,0.0,0.0,62.0
YN2018A+n14,0.0,0.0,0.0,0.0,0.0,0.0,0.0,61.0,0.0,0.0,0.0,61.0
F46+n28,0.0,0.0,0.0,0.0,0.0,0.0,0.0,0.0,61.0,0.0,0.0,61.0
n34+n42,0.0,0.0,0.0,0.0,0.0,0.0,0.0,0.0,61.0,0.0,0.0,61.0
n44+n8,0.0,0.0,0.0,0.0,0.0,0.0,0.0,0.0,0.0,61.0,0.0,61.0
SARS-CoV+n14,0.0,0.0,0.0,0.0,61.0,0.0,0.0,0.0,0.0,0.0,0.0,61.0
CpY11+n9,0.0,0.0,0.0,0.0,60.0,0.0,0.0,0.0,0.0,0.0,0.0,60.0
F46+YN2018A,0.0,0.0,0.0,60.0,0.0,0.0,0.0,0.0,0.0,0.0,0.0,60.0
YN2018C+n23,0.0,0.0,34.0,0.0,0.0,26.0,0.0,0.0,0.0,0.0,0.0,60.0
n46+n9,0.0,0.0,0.0,0.0,28.0,0.0,0.0,0.0,31.0,0.0,0.0,59.0
Rs7327+n19,0.0,0.0,59.0,0.0,0.0,0.0,0.0,0.0,0.0,0.0,0.0,59.0
LYRa11+n15,0.0,0.0,0.0,0.0,0.0,0.0,0.0,0.0,59.0,0.0,0.0,59.0
Rs7327+n22,0.0,0.0,0.0,0.0,59.0,0.0,0.0,0.0,0.0,0.0,0.0,59.0
n36+n46,0.0,0.0,0.0,0.0,0.0,0.0,0.0,59.0,0.0,0.0,0.0,59.0
WIV1+n38,0.0,0.0,0.0,59.0,0.0,0.0,0.0,0.0,0.0,0.0,0.0,59.0
n20+n38,0.0,0.0,59.0,0.0,0.0,0.0,0.0,0.0,0.0,0.0,0.0,59.0
n11+n16,59.0,0.0,0.0,0.0,0.0,0.0,0.0,0.0,0.0,0.0,0.0,59.0
n48+n50,0.0,0.0,0.0,0.0,0.0,58.0,0.0,0.0,0.0,0.0,0.0,58.0
Rs7327+YN2013,0.0,0.0,0.0,0.0,0.0,0.0,58.0,0.0,0.0,0.0,0.0,58.0
Rs4247_148+YN2018C,0.0,0.0,0.0,0.0,0.0,0.0,58.0,0.0,0.0,0.0,0.0,58.0
n12+n9,0.0,0.0,0.0,0.0,0.0,0.0,0.0,58.0,0.0,0.0,0.0,58.0
Rf4092+n9,0.0,0.0,0.0,58.0,0.0,0.0,0.0,0.0,0.0,0.0,0.0,58.0
F46+n44,0.0,0.0,0.0,0.0,0.0,0.0,58.0,0.0,0.0,0.0,0.0,58.0
P4L+n2,0.0,0.0,0.0,58.0,0.0,0.0,0.0,0.0,0.0,0.0,0.0,58.0
n2+n9,0.0,0.0,0.0,0.0,0.0,0.0,0.0,0.0,0.0,0.0,57.0,57.0
CpY11+n2,0.0,0.0,0.0,0.0,13.0,0.0,0.0,43.0,0.0,0.0,0.0,56.0
HeB2013+n46,0.0,0.0,0.0,0.0,0.0,56.0,0.0,0.0,0.0,0.0,0.0,56.0
Rf4092+n19,0.0,0.0,0.0,0.0,0.0,0.0,0.0,56.0,0.0,0.0,0.0,56.0
RpS11+n41,0.0,0.0,0.0,0.0,0.0,0.0,0.0,0.0,0.0,0.0,56.0,56.0
Rf4092+n18,0.0,0.0,0.0,0.0,0.0,0.0,55.0,0.0,0.0,0.0,0.0,55.0
Rs4084+YN2018A,0.0,0.0,0.0,0.0,0.0,0.0,0.0,55.0,0.0,0.0,0.0,55.0
YN2018C+n24,0.0,0.0,17.0,0.0,0.0,38.0,0.0,0.0,0.0,0.0,0.0,55.0
F46+n20,0.0,0.0,0.0,0.0,54.0,0.0,0.0,0.0,0.0,0.0,0.0,54.0
n4+n50,0.0,0.0,0.0,0.0,0.0,0.0,0.0,54.0,0.0,0.0,0.0,54.0
C020+n33,0.0,0.0,0.0,0.0,53.0,0.0,0.0,0.0,0.0,0.0,0.0,53.0
n25+n9,0.0,0.0,0.0,53.0,0.0,0.0,0.0,0.0,0.0,0.0,0.0,53.0
n47+n52,0.0,0.0,0.0,12.0,0.0,41.0,0.0,0.0,0.0,0.0,0.0,53.0
Rf4092+n40,0.0,0.0,0.0,0.0,52.0,0.0,0.0,0.0,0.0,0.0,0.0,52.0
n11+n9,0.0,0.0,0.0,0.0,0.0,0.0,0.0,52.0,0.0,0.0,0.0,52.0
n29+n34,0.0,0.0,0.0,0.0,0.0,0.0,0.0,0.0,0.0,0.0,52.0,52.0
CpY11+YN2013,0.0,0.0,0.0,51.0,0.0,0.0,0.0,0.0,0.0,0.0,0.0,51.0
n18+n46,0.0,0.0,0.0,0.0,51.0,0.0,0.0,0.0,0.0,0.0,0.0,51.0
YNLF_31C+n26,0.0,0.0,0.0,51.0,0.0,0.0,0.0,0.0,0.0,0.0,0.0,51.0
F46+n47,0.0,51.0,0.0,0.0,0.0,0.0,0.0,0.0,0.0,0.0,0.0,51.0
n18+n19,0.0,0.0,0.0,0.0,0.0,0.0,0.0,0.0,0.0,0.0,50.0,50.0
n47+n6,0.0,50.0,0.0,0.0,0.0,0.0,0.0,0.0,0.0,0.0,0.0,50.0
n37+n5,0.0,0.0,0.0,0.0,0.0,0.0,0.0,49.0,0.0,0.0,0.0,49.0
Rs7327+n15,0.0,0.0,0.0,0.0,0.0,49.0,0.0,0.0,0.0,0.0,0.0,49.0
Rm1+SC2018,0.0,0.0,0.0,0.0,0.0,0.0,0.0,0.0,0.0,0.0,49.0,49.0
n47+n5,0.0,0.0,0.0,0.0,0.0,49.0,0.0,0.0,0.0,0.0,0.0,49.0
n34+n8,0.0,0.0,0.0,49.0,0.0,0.0,0.0,0.0,0.0,0.0,0.0,49.0
Rs4231+n34,0.0,0.0,0.0,0.0,0.0,0.0,0.0,0.0,0.0,0.0,49.0,49.0
As6526+n21,0.0,0.0,0.0,0.0,0.0,0.0,49.0,0.0,0.0,0.0,0.0,49.0
Rs4231+n17,0.0,0.0,0.0,0.0,0.0,0.0,48.0,0.0,0.0,0.0,0.0,48.0
Anlong-103+n28,0.0,0.0,0.0,48.0,0.0,0.0,0.0,0.0,0.0,0.0,0.0,48.0
SC2018+n40,0.0,0.0,0.0,0.0,0.0,0.0,0.0,0.0,0.0,0.0,48.0,48.0
Rf4092+n17,0.0,0.0,0.0,0.0,0.0,0.0,48.0,0.0,0.0,0.0,0.0,48.0
n2+n31,0.0,0.0,0.0,0.0,48.0,0.0,0.0,0.0,0.0,0.0,0.0,48.0
GX2013+n29,0.0,0.0,0.0,0.0,0.0,48.0,0.0,0.0,0.0,0.0,0.0,48.0
BM48-31+n34,0.0,0.0,0.0,0.0,0.0,0.0,0.0,0.0,0.0,0.0,47.0,47.0
Rp3+n13,47.0,0.0,0.0,0.0,0.0,0.0,0.0,0.0,0.0,0.0,0.0,47.0
n34+n44,0.0,0.0,0.0,0.0,0.0,0.0,47.0,0.0,0.0,0.0,0.0,47.0
LYRa11+n9,0.0,0.0,0.0,0.0,46.0,0.0,0.0,0.0,0.0,0.0,0.0,46.0
F46+n21,0.0,0.0,0.0,0.0,46.0,0.0,0.0,0.0,0.0,0.0,0.0,46.0
P4L+n23,0.0,0.0,0.0,0.0,0.0,0.0,0.0,0.0,0.0,0.0,46.0,46.0
n4+n51,0.0,0.0,0.0,0.0,0.0,0.0,0.0,0.0,46.0,0.0,0.0,46.0
SARS-CoV+n35,0.0,0.0,0.0,0.0,44.0,0.0,0.0,0.0,0.0,0.0,0.0,44.0
n38+n47,0.0,44.0,0.0,0.0,0.0,0.0,0.0,0.0,0.0,0.0,0.0,44.0
Rs4084+n41,0.0,0.0,0.0,0.0,0.0,0.0,0.0,0.0,0.0,0.0,44.0,44.0
YNLF_31C+n27,0.0,0.0,0.0,0.0,0.0,0.0,0.0,0.0,0.0,44.0,0.0,44.0
As6526+n46,0.0,0.0,0.0,0.0,44.0,0.0,0.0,0.0,0.0,0.0,0.0,44.0
Rs4255+n9,0.0,0.0,0.0,0.0,0.0,44.0,0.0,0.0,0.0,0.0,0.0,44.0
CpY11+n25,0.0,0.0,0.0,44.0,0.0,0.0,0.0,0.0,0.0,0.0,0.0,44.0
GX2013+n11,0.0,0.0,0.0,0.0,0.0,43.0,0.0,0.0,0.0,0.0,0.0,43.0
F46+WIV16,0.0,0.0,0.0,0.0,43.0,0.0,0.0,0.0,0.0,0.0,0.0,43.0
n34+n47,0.0,43.0,0.0,0.0,0.0,0.0,0.0,0.0,0.0,0.0,0.0,43.0
Rs4231+n35,0.0,0.0,0.0,0.0,0.0,0.0,0.0,0.0,0.0,0.0,43.0,43.0
Rs4247_148+n17,0.0,0.0,0.0,0.0,0.0,0.0,42.0,0.0,0.0,0.0,0.0,42.0
Rs7327+n11,0.0,0.0,0.0,0.0,0.0,0.0,42.0,0.0,0.0,0.0,0.0,42.0
n34+n9,0.0,0.0,0.0,0.0,0.0,0.0,0.0,42.0,0.0,0.0,0.0,42.0
CpY11+Rf4092,0.0,0.0,0.0,12.0,0.0,0.0,0.0,0.0,0.0,0.0,30.0,42.0
LYRa11+n16,0.0,0.0,0.0,0.0,0.0,0.0,0.0,0.0,42.0,0.0,0.0,42.0
n11+n17,41.0,0.0,0.0,0.0,0.0,0.0,0.0,0.0,0.0,0.0,0.0,41.0
P2V+n53,0.0,0.0,0.0,0.0,0.0,0.0,0.0,0.0,0.0,0.0,41.0,41.0
n21+n38,0.0,0.0,41.0,0.0,0.0,0.0,0.0,0.0,0.0,0.0,0.0,41.0
n28+n8,0.0,0.0,0.0,41.0,0.0,0.0,0.0,0.0,0.0,0.0,0.0,41.0
Rs4084+n18,0.0,0.0,0.0,0.0,0.0,0.0,40.0,0.0,0.0,0.0,0.0,40.0
YN2018C+YNLF_31C,0.0,0.0,0.0,0.0,0.0,0.0,0.0,0.0,0.0,40.0,0.0,40.0
GX2013+YN2018A,0.0,0.0,0.0,40.0,0.0,0.0,0.0,0.0,0.0,0.0,0.0,40.0
YN2013+n15,0.0,0.0,0.0,39.0,0.0,0.0,0.0,0.0,0.0,0.0,0.0,39.0
n38+n44,0.0,0.0,0.0,0.0,0.0,32.0,6.0,0.0,0.0,0.0,0.0,38.0
HeB2013+n6,0.0,0.0,0.0,0.0,0.0,0.0,0.0,0.0,0.0,0.0,38.0,38.0
Rs7327+n23,0.0,0.0,0.0,0.0,38.0,0.0,0.0,0.0,0.0,0.0,0.0,38.0
Rs4081+n15,0.0,0.0,0.0,38.0,0.0,0.0,0.0,0.0,0.0,0.0,0.0,38.0
Rp3+YN2018A,0.0,0.0,0.0,0.0,0.0,0.0,0.0,38.0,0.0,0.0,0.0,38.0
n13+n34,0.0,0.0,0.0,37.0,0.0,0.0,0.0,0.0,0.0,0.0,0.0,37.0
Rs4231+n26,0.0,0.0,0.0,0.0,0.0,0.0,0.0,0.0,0.0,0.0,37.0,37.0
n5+n52,0.0,0.0,0.0,0.0,0.0,37.0,0.0,0.0,0.0,0.0,0.0,37.0
SC2018+n9,0.0,0.0,0.0,0.0,0.0,37.0,0.0,0.0,0.0,0.0,0.0,37.0
YN2018A+n9,0.0,0.0,0.0,36.0,0.0,0.0,0.0,1.0,0.0,0.0,0.0,37.0
BtKY72+HeB2013,0.0,0.0,0.0,0.0,0.0,0.0,0.0,0.0,0.0,0.0,37.0,37.0
P4L+n5,0.0,0.0,0.0,0.0,0.0,37.0,0.0,0.0,0.0,0.0,0.0,37.0
B039+SC2018,0.0,0.0,0.0,0.0,37.0,0.0,0.0,0.0,0.0,0.0,0.0,37.0
n39+n7,0.0,0.0,0.0,0.0,36.0,0.0,0.0,0.0,0.0,0.0,0.0,36.0
B039+n2,0.0,0.0,0.0,0.0,36.0,0.0,0.0,0.0,0.0,0.0,0.0,36.0
n15+n37,0.0,0.0,0.0,0.0,0.0,0.0,0.0,0.0,0.0,0.0,36.0,36.0
WIV1+n27,0.0,0.0,0.0,36.0,0.0,0.0,0.0,0.0,0.0,0.0,0.0,36.0
SC2018+n12,0.0,0.0,0.0,0.0,0.0,0.0,0.0,0.0,36.0,0.0,0.0,36.0
SC2018+n31,0.0,0.0,0.0,0.0,36.0,0.0,0.0,0.0,0.0,0.0,0.0,36.0
Rp3+n25,0.0,0.0,0.0,35.0,0.0,0.0,0.0,0.0,0.0,0.0,0.0,35.0
YN2013+n36,0.0,35.0,0.0,0.0,0.0,0.0,0.0,0.0,0.0,0.0,0.0,35.0
YN2013+YN2018A,0.0,0.0,0.0,35.0,0.0,0.0,0.0,0.0,0.0,0.0,0.0,35.0
n2+n38,0.0,0.0,0.0,0.0,0.0,0.0,0.0,0.0,0.0,34.0,0.0,34.0
n23+n53,0.0,0.0,0.0,0.0,0.0,0.0,0.0,0.0,0.0,0.0,34.0,34.0
Rs9401+n40,0.0,0.0,0.0,34.0,0.0,0.0,0.0,0.0,0.0,0.0,0.0,34.0
BM48-31+n6,0.0,0.0,0.0,0.0,0.0,0.0,0.0,0.0,0.0,0.0,34.0,34.0
SARS-CoV+n21,0.0,0.0,0.0,34.0,0.0,0.0,0.0,0.0,0.0,0.0,0.0,34.0
Anlong-103+n36,0.0,34.0,0.0,0.0,0.0,0.0,0.0,0.0,0.0,0.0,0.0,34.0
BM48-31+Rs4231,0.0,0.0,0.0,0.0,0.0,0.0,0.0,0.0,0.0,0.0,34.0,34.0
LYRa11+n12,0.0,0.0,33.0,0.0,0.0,0.0,0.0,0.0,0.0,0.0,0.0,33.0
n23+n8,0.0,33.0,0.0,0.0,0.0,0.0,0.0,0.0,0.0,0.0,0.0,33.0
n20+n24,0.0,0.0,0.0,0.0,0.0,0.0,0.0,0.0,0.0,0.0,33.0,33.0
SARS-CoV+n8,0.0,0.0,0.0,0.0,33.0,0.0,0.0,0.0,0.0,0.0,0.0,33.0
n31+n9,33.0,0.0,0.0,0.0,0.0,0.0,0.0,0.0,0.0,0.0,0.0,33.0
273_2005+Jiyuan_84,0.0,0.0,0.0,0.0,0.0,0.0,0.0,0.0,33.0,0.0,0.0,33.0
F46+SC2018,0.0,0.0,0.0,0.0,0.0,32.0,0.0,0.0,0.0,0.0,0.0,32.0
273_2005+HeB2013,0.0,0.0,0.0,0.0,0.0,0.0,0.0,0.0,32.0,0.0,0.0,32.0
16BO133+BtKY72,0.0,0.0,0.0,0.0,0.0,0.0,0.0,0.0,0.0,0.0,31.0,31.0
Rs4247_147+n24,0.0,0.0,0.0,0.0,0.0,0.0,0.0,0.0,0.0,0.0,31.0,31.0
F46+YN2018C,0.0,0.0,31.0,0.0,0.0,0.0,0.0,0.0,0.0,0.0,0.0,31.0
n11+n34,0.0,0.0,0.0,0.0,0.0,0.0,0.0,30.0,0.0,0.0,0.0,30.0
CpY11+n15,0.0,0.0,0.0,12.0,0.0,0.0,0.0,0.0,18.0,0.0,0.0,30.0
CpY11+YN2018D,0.0,0.0,30.0,0.0,0.0,0.0,0.0,0.0,0.0,0.0,0.0,30.0
LYRa11+n8,0.0,0.0,0.0,0.0,0.0,0.0,0.0,0.0,30.0,0.0,0.0,30.0
SC2018+n13,0.0,0.0,29.0,0.0,0.0,0.0,0.0,0.0,0.0,0.0,0.0,29.0
Rs4231+n2,0.0,0.0,0.0,0.0,29.0,0.0,0.0,0.0,0.0,0.0,0.0,29.0
n14+n26,0.0,0.0,0.0,0.0,29.0,0.0,0.0,0.0,0.0,0.0,0.0,29.0
n20+n8,0.0,0.0,0.0,0.0,0.0,0.0,0.0,0.0,0.0,0.0,28.0,28.0
P2V+n23,0.0,0.0,0.0,0.0,0.0,0.0,0.0,0.0,0.0,0.0,28.0,28.0
Rf4092+WIV16,0.0,0.0,0.0,0.0,28.0,0.0,0.0,0.0,0.0,0.0,0.0,28.0
GX2013+Rf4092,0.0,0.0,0.0,0.0,0.0,0.0,0.0,28.0,0.0,0.0,0.0,28.0
YN2013+n2,0.0,0.0,0.0,0.0,28.0,0.0,0.0,0.0,0.0,0.0,0.0,28.0
GX2013+n18,0.0,0.0,0.0,0.0,28.0,0.0,0.0,0.0,0.0,0.0,0.0,28.0
B039+n33,0.0,0.0,0.0,0.0,27.0,0.0,0.0,0.0,0.0,0.0,0.0,27.0
As6526+GX2013,0.0,0.0,0.0,0.0,8.0,19.0,0.0,0.0,0.0,0.0,0.0,27.0
YN2013+n20,0.0,0.0,0.0,27.0,0.0,0.0,0.0,0.0,0.0,0.0,0.0,27.0
CpY11+n28,0.0,0.0,0.0,27.0,0.0,0.0,0.0,0.0,0.0,0.0,0.0,27.0
HuB2013+SC2018,0.0,0.0,0.0,0.0,0.0,0.0,0.0,0.0,0.0,0.0,26.0,26.0
n10+n21,0.0,0.0,0.0,0.0,25.0,0.0,0.0,0.0,0.0,0.0,0.0,25.0
P2V+P4L,0.0,0.0,0.0,0.0,0.0,0.0,0.0,0.0,0.0,0.0,25.0,25.0
n2+n24,0.0,0.0,0.0,0.0,25.0,0.0,0.0,0.0,0.0,0.0,0.0,25.0
C020+n2,0.0,0.0,0.0,0.0,25.0,0.0,0.0,0.0,0.0,0.0,0.0,25.0
Rs4255+n11,0.0,0.0,0.0,25.0,0.0,0.0,0.0,0.0,0.0,0.0,0.0,25.0
C020+SC2018,0.0,0.0,0.0,0.0,25.0,0.0,0.0,0.0,0.0,0.0,0.0,25.0
Rs4084+n17,0.0,0.0,0.0,0.0,0.0,0.0,25.0,0.0,0.0,0.0,0.0,25.0
Rm1+n40,0.0,0.0,0.0,0.0,0.0,0.0,0.0,0.0,0.0,0.0,25.0,25.0
n11+n23,0.0,25.0,0.0,0.0,0.0,0.0,0.0,0.0,0.0,0.0,0.0,25.0
n26+n38,0.0,0.0,0.0,0.0,0.0,0.0,25.0,0.0,0.0,0.0,0.0,25.0
As6526+n2,0.0,0.0,0.0,0.0,25.0,0.0,0.0,0.0,0.0,0.0,0.0,25.0
n14+n2,0.0,0.0,0.0,0.0,25.0,0.0,0.0,0.0,0.0,0.0,0.0,25.0
YN2013+n46,0.0,0.0,0.0,24.0,0.0,0.0,0.0,0.0,0.0,0.0,0.0,24.0
Rs672+n34,0.0,0.0,0.0,24.0,0.0,0.0,0.0,0.0,0.0,0.0,0.0,24.0
n38+n7,0.0,0.0,24.0,0.0,0.0,0.0,0.0,0.0,0.0,0.0,0.0,24.0
BM48-31+n44,0.0,0.0,0.0,0.0,0.0,0.0,0.0,0.0,0.0,0.0,24.0,24.0
Rs4247_147+YN2013,0.0,0.0,0.0,24.0,0.0,0.0,0.0,0.0,0.0,0.0,0.0,24.0
n23+n50,0.0,0.0,0.0,24.0,0.0,0.0,0.0,0.0,0.0,0.0,0.0,24.0
RpS11+n25,0.0,0.0,0.0,0.0,0.0,0.0,0.0,24.0,0.0,0.0,0.0,24.0
n25+n45,0.0,0.0,0.0,0.0,0.0,0.0,0.0,24.0,0.0,0.0,0.0,24.0
As6526+n9,0.0,0.0,0.0,0.0,0.0,24.0,0.0,0.0,0.0,0.0,0.0,24.0
Rs4231+n46,0.0,0.0,0.0,0.0,0.0,0.0,0.0,0.0,0.0,0.0,23.0,23.0
n37+n9,0.0,0.0,0.0,0.0,0.0,0.0,0.0,0.0,23.0,0.0,0.0,23.0
Jiyuan_84+n12,0.0,0.0,0.0,0.0,0.0,0.0,0.0,0.0,23.0,0.0,0.0,23.0
Rf4092+Rp3,0.0,0.0,0.0,23.0,0.0,0.0,0.0,0.0,0.0,0.0,0.0,23.0
P5L+n2,0.0,0.0,0.0,23.0,0.0,0.0,0.0,0.0,0.0,0.0,0.0,23.0
n11+n21,0.0,0.0,0.0,23.0,0.0,0.0,0.0,0.0,0.0,0.0,0.0,23.0
n2+n52,0.0,0.0,0.0,23.0,0.0,0.0,0.0,0.0,0.0,0.0,0.0,23.0
n48+n5,0.0,0.0,0.0,0.0,0.0,23.0,0.0,0.0,0.0,0.0,0.0,23.0
WIV16+n38,0.0,0.0,0.0,23.0,0.0,0.0,0.0,0.0,0.0,0.0,0.0,23.0
n34+n43,0.0,0.0,0.0,0.0,0.0,0.0,0.0,0.0,22.0,0.0,0.0,22.0
Rs4255+n40,0.0,0.0,0.0,0.0,21.0,0.0,0.0,0.0,0.0,0.0,0.0,21.0
Rs4255+YNLF_31C,0.0,0.0,0.0,0.0,21.0,0.0,0.0,0.0,0.0,0.0,0.0,21.0
YN2018C+n27,0.0,0.0,0.0,0.0,0.0,0.0,0.0,0.0,0.0,20.0,0.0,20.0
YN2018A+n2,0.0,0.0,0.0,0.0,20.0,0.0,0.0,0.0,0.0,0.0,0.0,20.0
Jiyuan_84+YNLF_31C,0.0,0.0,0.0,0.0,0.0,0.0,0.0,0.0,20.0,0.0,0.0,20.0
SC2018+n5,0.0,0.0,0.0,0.0,0.0,0.0,0.0,0.0,0.0,0.0,19.0,19.0
Jiyuan_84+n6,0.0,0.0,0.0,0.0,0.0,0.0,0.0,0.0,0.0,0.0,19.0,19.0
n20+n25,0.0,0.0,0.0,13.0,0.0,0.0,0.0,0.0,0.0,0.0,6.0,19.0
n40+n48,0.0,0.0,0.0,0.0,0.0,19.0,0.0,0.0,0.0,0.0,0.0,19.0
Rs4247_147+n2,0.0,0.0,0.0,0.0,19.0,0.0,0.0,0.0,0.0,0.0,0.0,19.0
n25+n37,0.0,0.0,0.0,0.0,0.0,0.0,19.0,0.0,0.0,0.0,0.0,19.0
BM48-31+CpY11,0.0,0.0,0.0,0.0,0.0,0.0,0.0,0.0,0.0,0.0,19.0,19.0
n27+n47,0.0,0.0,0.0,18.0,0.0,0.0,0.0,0.0,0.0,0.0,0.0,18.0
n37+n8,0.0,0.0,0.0,0.0,0.0,0.0,0.0,0.0,18.0,0.0,0.0,18.0
n19+n38,0.0,0.0,0.0,18.0,0.0,0.0,0.0,0.0,0.0,0.0,0.0,18.0
n10+n15,0.0,0.0,0.0,0.0,0.0,0.0,0.0,0.0,18.0,0.0,0.0,18.0
Rf4092+n45,0.0,0.0,0.0,0.0,0.0,0.0,0.0,18.0,0.0,0.0,0.0,18.0
B039+n18,0.0,0.0,0.0,0.0,18.0,0.0,0.0,0.0,0.0,0.0,0.0,18.0
n26+n35,0.0,0.0,0.0,0.0,0.0,0.0,0.0,0.0,0.0,0.0,18.0,18.0
n19+n25,0.0,0.0,0.0,0.0,0.0,0.0,0.0,18.0,0.0,0.0,0.0,18.0
BtKY72+n34,0.0,18.0,0.0,0.0,0.0,0.0,0.0,0.0,0.0,0.0,0.0,18.0
BM48-31+HuB2013,0.0,0.0,0.0,0.0,0.0,0.0,0.0,0.0,0.0,0.0,18.0,18.0
HeB2013+n34,0.0,0.0,0.0,0.0,0.0,0.0,0.0,0.0,17.0,0.0,0.0,17.0
n15+n24,0.0,0.0,0.0,0.0,0.0,0.0,0.0,0.0,0.0,0.0,17.0,17.0
n13+n40,0.0,0.0,0.0,0.0,17.0,0.0,0.0,0.0,0.0,0.0,0.0,17.0
n18+n9,0.0,0.0,0.0,0.0,17.0,0.0,0.0,0.0,0.0,0.0,0.0,17.0
273_2005+n12,0.0,0.0,0.0,0.0,0.0,0.0,0.0,0.0,17.0,0.0,0.0,17.0
n26+n36,0.0,0.0,0.0,0.0,0.0,0.0,0.0,0.0,0.0,0.0,16.0,16.0
C007+SARS-CoV,0.0,0.0,0.0,0.0,16.0,0.0,0.0,0.0,0.0,0.0,0.0,16.0
Rf4092+n36,0.0,0.0,0.0,0.0,0.0,0.0,0.0,0.0,0.0,0.0,16.0,16.0
n10+n23,0.0,16.0,0.0,0.0,0.0,0.0,0.0,0.0,0.0,0.0,0.0,16.0
n15+n2,0.0,0.0,0.0,0.0,16.0,0.0,0.0,0.0,0.0,0.0,0.0,16.0
YN2018A+n39,0.0,0.0,0.0,0.0,16.0,0.0,0.0,0.0,0.0,0.0,0.0,16.0
P4L+n40,0.0,0.0,0.0,0.0,0.0,16.0,0.0,0.0,0.0,0.0,0.0,16.0
SARS-CoV+n24,0.0,0.0,0.0,0.0,16.0,0.0,0.0,0.0,0.0,0.0,0.0,16.0
n12+n2,0.0,0.0,16.0,0.0,0.0,0.0,0.0,0.0,0.0,0.0,0.0,16.0
HuB2013+n34,0.0,0.0,0.0,0.0,0.0,0.0,15.0,0.0,0.0,0.0,0.0,15.0
n25+n43,0.0,0.0,0.0,0.0,0.0,0.0,0.0,0.0,15.0,0.0,0.0,15.0
n15+n40,0.0,0.0,0.0,0.0,15.0,0.0,0.0,0.0,0.0,0.0,0.0,15.0
YN2013+n26,0.0,0.0,0.0,0.0,0.0,0.0,0.0,0.0,15.0,0.0,0.0,15.0
n26+n9,0.0,0.0,0.0,14.0,0.0,0.0,0.0,0.0,0.0,0.0,0.0,14.0
n26+n30,0.0,0.0,0.0,14.0,0.0,0.0,0.0,0.0,0.0,0.0,0.0,14.0
HuB2013+n40,0.0,0.0,0.0,0.0,0.0,0.0,0.0,0.0,0.0,0.0,14.0,14.0
GX2013+n19,0.0,0.0,0.0,0.0,0.0,0.0,0.0,14.0,0.0,0.0,0.0,14.0
C020+n18,0.0,0.0,0.0,0.0,14.0,0.0,0.0,0.0,0.0,0.0,0.0,14.0
YN2018C+n2,0.0,0.0,0.0,0.0,13.0,0.0,0.0,0.0,0.0,0.0,0.0,13.0
n25+n46,0.0,0.0,0.0,13.0,0.0,0.0,0.0,0.0,0.0,0.0,0.0,13.0
LYRa11+Rs672,0.0,0.0,0.0,0.0,0.0,0.0,0.0,0.0,13.0,0.0,0.0,13.0
GX2013+Rs4255,0.0,0.0,0.0,0.0,0.0,13.0,0.0,0.0,0.0,0.0,0.0,13.0
BtKY72+n47,0.0,12.0,0.0,0.0,0.0,0.0,0.0,0.0,0.0,0.0,0.0,12.0
Anlong-103+n34,0.0,0.0,0.0,12.0,0.0,0.0,0.0,0.0,0.0,0.0,0.0,12.0
B039+n14,0.0,0.0,0.0,0.0,12.0,0.0,0.0,0.0,0.0,0.0,0.0,12.0
n37+n46,0.0,0.0,0.0,0.0,0.0,0.0,0.0,12.0,0.0,0.0,0.0,12.0
HuB2013+n46,0.0,0.0,0.0,0.0,0.0,0.0,0.0,0.0,0.0,0.0,12.0,12.0
n26+n39,0.0,0.0,0.0,0.0,0.0,0.0,12.0,0.0,0.0,0.0,0.0,12.0
Rs4247_148+n25,0.0,0.0,0.0,12.0,0.0,0.0,0.0,0.0,0.0,0.0,0.0,12.0
Rp3+n15,0.0,0.0,0.0,12.0,0.0,0.0,0.0,0.0,0.0,0.0,0.0,12.0
n25+n34,0.0,0.0,0.0,12.0,0.0,0.0,0.0,0.0,0.0,0.0,0.0,12.0
YN2018A+n25,0.0,0.0,0.0,0.0,0.0,0.0,0.0,0.0,12.0,0.0,0.0,12.0
n15+n34,0.0,0.0,0.0,12.0,0.0,0.0,0.0,0.0,0.0,0.0,0.0,12.0
n26+n46,0.0,0.0,0.0,0.0,0.0,0.0,0.0,0.0,0.0,0.0,12.0,12.0
n18+n33,0.0,0.0,0.0,0.0,12.0,0.0,0.0,0.0,0.0,0.0,0.0,12.0
n13+n39,0.0,0.0,0.0,0.0,12.0,0.0,0.0,0.0,0.0,0.0,0.0,12.0
YNLF_31C+n20,0.0,0.0,0.0,0.0,12.0,0.0,0.0,0.0,0.0,0.0,0.0,12.0
Rf4092+n30,0.0,0.0,0.0,12.0,0.0,0.0,0.0,0.0,0.0,0.0,0.0,12.0
Rf4092+n24,0.0,0.0,0.0,0.0,0.0,0.0,0.0,0.0,0.0,0.0,12.0,12.0
Rf4092+Rs4247_147,0.0,0.0,0.0,0.0,0.0,0.0,0.0,0.0,0.0,0.0,12.0,12.0
Rf4092+RpS11,0.0,0.0,0.0,0.0,0.0,0.0,0.0,12.0,0.0,0.0,0.0,12.0
n30+n34,0.0,0.0,0.0,12.0,0.0,0.0,0.0,0.0,0.0,0.0,0.0,12.0
n31+n35,0.0,0.0,0.0,0.0,12.0,0.0,0.0,0.0,0.0,0.0,0.0,12.0
P5L+n47,0.0,0.0,0.0,12.0,0.0,0.0,0.0,0.0,0.0,0.0,0.0,12.0
Jiyuan_84+n34,0.0,0.0,0.0,0.0,0.0,0.0,0.0,0.0,11.0,0.0,0.0,11.0
HuB2013+Rp3,0.0,0.0,0.0,0.0,0.0,0.0,0.0,0.0,11.0,0.0,0.0,11.0
BtKY72+Jiyuan_84,0.0,0.0,0.0,0.0,0.0,0.0,0.0,0.0,0.0,0.0,10.0,10.0
SARS-CoV+YN2018A,0.0,0.0,0.0,0.0,10.0,0.0,0.0,0.0,0.0,0.0,0.0,10.0
Rs672+n35,0.0,0.0,0.0,0.0,0.0,0.0,0.0,0.0,9.0,0.0,0.0,9.0
273_2005+n34,0.0,0.0,0.0,0.0,0.0,0.0,0.0,0.0,9.0,0.0,0.0,9.0
273_2005+YNLF_31C,0.0,0.0,0.0,0.0,0.0,0.0,0.0,0.0,9.0,0.0,0.0,9.0
n24+n35,0.0,0.0,0.0,0.0,8.0,0.0,0.0,0.0,0.0,0.0,0.0,8.0
n27+n28,0.0,0.0,0.0,0.0,0.0,0.0,0.0,0.0,0.0,8.0,0.0,8.0
Rs4247_147+n18,0.0,0.0,0.0,0.0,8.0,0.0,0.0,0.0,0.0,0.0,0.0,8.0
n28+n38,0.0,0.0,0.0,0.0,0.0,0.0,8.0,0.0,0.0,0.0,0.0,8.0
n2+n26,0.0,0.0,0.0,0.0,8.0,0.0,0.0,0.0,0.0,0.0,0.0,8.0
CpY11+Rs4247_148,0.0,0.0,0.0,8.0,0.0,0.0,0.0,0.0,0.0,0.0,0.0,8.0
B039+n8,0.0,0.0,0.0,0.0,8.0,0.0,0.0,0.0,0.0,0.0,0.0,8.0
C020+n8,0.0,0.0,0.0,0.0,8.0,0.0,0.0,0.0,0.0,0.0,0.0,8.0
GX2013+n15,0.0,0.0,0.0,0.0,0.0,0.0,0.0,1.0,6.0,0.0,0.0,7.0
n24+n8,0.0,0.0,0.0,0.0,0.0,0.0,0.0,0.0,0.0,0.0,7.0,7.0
Rs4247_147+n8,0.0,0.0,0.0,0.0,0.0,0.0,0.0,0.0,0.0,0.0,7.0,7.0
CpY11+Rs672,0.0,0.0,0.0,5.0,0.0,0.0,0.0,0.0,2.0,0.0,0.0,7.0
Anlong-103+n8,0.0,0.0,0.0,6.0,0.0,0.0,0.0,0.0,0.0,0.0,0.0,6.0
n19+n45,0.0,0.0,0.0,0.0,0.0,0.0,0.0,6.0,0.0,0.0,0.0,6.0
SC2018+n44,0.0,0.0,0.0,0.0,0.0,0.0,0.0,0.0,0.0,0.0,6.0,6.0
P4L+n27,0.0,0.0,0.0,6.0,0.0,0.0,0.0,0.0,0.0,0.0,0.0,6.0
n15+n9,0.0,0.0,0.0,6.0,0.0,0.0,0.0,0.0,0.0,0.0,0.0,6.0
Rs672+n8,0.0,0.0,0.0,6.0,0.0,0.0,0.0,0.0,0.0,0.0,0.0,6.0
P5L+n27,0.0,0.0,0.0,6.0,0.0,0.0,0.0,0.0,0.0,0.0,0.0,6.0
n27+n52,0.0,0.0,0.0,6.0,0.0,0.0,0.0,0.0,0.0,0.0,0.0,6.0
Rs672+n46,0.0,0.0,0.0,0.0,0.0,0.0,0.0,0.0,6.0,0.0,0.0,6.0
Rm1+n25,0.0,0.0,0.0,0.0,0.0,0.0,6.0,0.0,0.0,0.0,0.0,6.0
P2V+n47,0.0,0.0,0.0,0.0,0.0,0.0,0.0,0.0,0.0,0.0,6.0,6.0
RpS11+n19,0.0,0.0,0.0,0.0,0.0,0.0,0.0,6.0,0.0,0.0,0.0,6.0
Rs672+n10,0.0,0.0,0.0,0.0,0.0,0.0,0.0,0.0,6.0,0.0,0.0,6.0
Anlong-103+CpY11,0.0,0.0,0.0,5.0,0.0,0.0,0.0,0.0,0.0,0.0,0.0,5.0
C007+n2,0.0,0.0,0.0,0.0,4.0,0.0,0.0,0.0,0.0,0.0,0.0,4.0
n18+n24,0.0,0.0,0.0,0.0,4.0,0.0,0.0,0.0,0.0,0.0,0.0,4.0
B039+YN2018A,0.0,0.0,0.0,0.0,4.0,0.0,0.0,0.0,0.0,0.0,0.0,4.0
n20+n40,0.0,0.0,0.0,0.0,4.0,0.0,0.0,0.0,0.0,0.0,0.0,4.0
B039+n24,0.0,0.0,0.0,0.0,4.0,0.0,0.0,0.0,0.0,0.0,0.0,4.0
n2+n33,0.0,0.0,0.0,0.0,4.0,0.0,0.0,0.0,0.0,0.0,0.0,4.0
C020+n14,0.0,0.0,0.0,0.0,4.0,0.0,0.0,0.0,0.0,0.0,0.0,4.0
Rs4231+n19,0.0,0.0,0.0,0.0,0.0,0.0,0.0,0.0,3.0,0.0,0.0,3.0
YN2018A+n38,0.0,0.0,0.0,0.0,0.0,0.0,0.0,0.0,3.0,0.0,0.0,3.0
Anlong-103+n15,0.0,0.0,0.0,0.0,0.0,0.0,0.0,0.0,3.0,0.0,0.0,3.0
n15+n36,0.0,0.0,0.0,0.0,0.0,0.0,0.0,0.0,3.0,0.0,0.0,3.0
YN2018A+n37,0.0,0.0,0.0,0.0,0.0,0.0,0.0,0.0,2.0,0.0,0.0,2.0
BM48-31+n26,0.0,0.0,0.0,0.0,0.0,0.0,0.0,0.0,0.0,0.0,2.0,2.0
YN2018A+n18,0.0,0.0,0.0,0.0,2.0,0.0,0.0,0.0,0.0,0.0,0.0,2.0
Rs4247_147+n25,0.0,0.0,0.0,1.0,0.0,0.0,0.0,0.0,0.0,0.0,0.0,1.0
Rs4084+n9,0.0,0.0,0.0,0.0,0.0,0.0,0.0,1.0,0.0,0.0,0.0,1.0
n2+n6,0.0,0.0,0.0,0.0,0.0,0.0,0.0,1.0,0.0,0.0,0.0,1.0
